agent,model,original_model,ll,fitted_rl_temp,fitted_perceptual_temp,rl_temp,perceptual_temp
1,NormativeLogRatio,balanced,9.236308557092949,8.650088141930436,6.5830076985863775,5.0,5.0
2,NormativeLogRatio,value neglect,3.600511717825128,0.5373701151571882,30.0,1.0,10.0
3,NormativeLogRatio,perceptual neglect,6.926250476431505,4.334147521457011,0.8654267906463801,10.0,1.0
4,NormativeLogRatio,random,33.545916024921944,0.5665939969444341,0.0,,
5,NormativeLogRatio,balanced,17.98359595650287,2.8533258055725588,3.918691536177647,5.0,5.0
6,NormativeLogRatio,value neglect,5.267181229035332,1.8742491668555814,30.0,1.0,10.0
7,NormativeLogRatio,perceptual neglect,15.900609134929867,6.667268099774486,0.7896551268058711,10.0,1.0
8,NormativeLogRatio,random,33.942069007311936,0.14337286613090786,0.0,,
9,NormativeLogRatio,balanced,13.006706774025343,3.050557310829445,3.4715583403689934,5.0,5.0
10,NormativeLogRatio,value neglect,5.818940179814997,0.0923199109672955,30.0,1.0,10.0
11,NormativeLogRatio,perceptual neglect,12.606811401776547,6.916140306143811,0.8631411360909915,10.0,1.0
12,NormativeLogRatio,random,32.719947185061216,0.0,0.7282241100965768,,
13,NormativeLogRatio,balanced,14.254830412018391,4.42035653728931,3.5773659154275226,5.0,5.0
14,NormativeLogRatio,value neglect,9.929693745202089,0.7352415564763944,7.740261314269333,1.0,10.0
15,NormativeLogRatio,perceptual neglect,9.60664391497343,8.2462877374105,0.1850809924020236,10.0,1.0
16,NormativeLogRatio,random,33.964211847437284,0.0,0.0,,
17,NormativeLogRatio,balanced,15.249645978732275,5.947422828612285,4.118090260332385,5.0,5.0
18,NormativeLogRatio,value neglect,5.520147025119559,4.007484923568318,16.809133472043033,1.0,10.0
19,NormativeLogRatio,perceptual neglect,6.118568364276225,11.512852013187695,0.0,10.0,1.0
20,NormativeLogRatio,random,33.964211847437284,0.0,0.0,,
21,NormativeLogRatio,balanced,15.520207827130582,2.8645103293761447,1.4609333960711604,5.0,5.0
22,NormativeLogRatio,value neglect,22.78948240982754,0.8744348904120054,4.564092356716043,1.0,10.0
23,NormativeLogRatio,perceptual neglect,18.875821938507293,4.666185500865684,0.0,10.0,1.0
24,NormativeLogRatio,random,32.86541358836441,0.6599496459928481,0.0,,
25,NormativeLogRatio,balanced,15.52459571822683,2.602149159232431,3.6916614125680085,5.0,5.0
26,NormativeLogRatio,value neglect,3.5137289076138734,0.123979886174974,30.0,1.0,10.0
27,NormativeLogRatio,perceptual neglect,6.941130087367106,6.458516620051994,0.8791641209328815,10.0,1.0
28,NormativeLogRatio,random,33.963662704453874,0.020261818353198187,0.0,,
29,NormativeLogRatio,balanced,15.871441368644152,2.8692328286670676,2.7116647793604454,5.0,5.0
30,NormativeLogRatio,value neglect,21.718344064755446,0.9084114102300447,6.760303594593945,1.0,10.0
31,NormativeLogRatio,perceptual neglect,16.199270810247963,5.287323229555638,0.8915555599184488,10.0,1.0
32,NormativeLogRatio,random,33.44969013723464,0.5407955809632965,0.0,,
33,NormativeLogRatio,balanced,11.926622304643304,4.861152663585981,5.584580797301198,5.0,5.0
34,NormativeLogRatio,value neglect,17.668051747430344,0.0,4.994237802790431,1.0,10.0
35,NormativeLogRatio,perceptual neglect,14.278632341970244,4.708497236138767,0.0,10.0,1.0
36,NormativeLogRatio,random,33.895774581682424,0.13737803236878748,0.0,,
37,NormativeLogRatio,balanced,25.00471856497195,4.28336447513949,2.7633270967585233,5.0,5.0
38,NormativeLogRatio,value neglect,9.177585549094152,2.1997801642909605,6.407078134594159,1.0,10.0
39,NormativeLogRatio,perceptual neglect,13.132371734281524,6.141773889687211,0.08229742491856139,10.0,1.0
40,NormativeLogRatio,random,33.964211847437284,0.0,0.0,,
41,NormativeLogRatio,balanced,14.73731720791682,3.3915805845370084,3.5974177409948846,5.0,5.0
42,NormativeLogRatio,value neglect,7.500816549945003,1.9493742278508626,11.086483913264395,1.0,10.0
43,NormativeLogRatio,perceptual neglect,9.917700729291724,5.976996570241553,0.0,10.0,1.0
44,NormativeLogRatio,random,33.964211847437284,0.0,0.0,,
45,NormativeLogRatio,balanced,6.185145849546718,6.575673018181399,4.502953401309199,5.0,5.0
46,NormativeLogRatio,value neglect,15.665932394642898,0.2761852274157294,4.517964421104504,1.0,10.0
47,NormativeLogRatio,perceptual neglect,17.22971558264217,5.345999585107166,0.0,10.0,1.0
48,NormativeLogRatio,random,33.237604807693046,0.8788496534991633,0.31438077153175453,,
49,NormativeLogRatio,balanced,16.290261289852047,4.294532605691629,3.8672175580747914,5.0,5.0
50,NormativeLogRatio,value neglect,9.429112660092674,2.428142646907862,8.241580349298928,1.0,10.0
51,NormativeLogRatio,perceptual neglect,11.32569371482978,5.812536581626923,1.2186934045406013,10.0,1.0
52,NormativeLogRatio,random,31.686437387399195,0.0,0.663052337702984,,
53,NormativeLogRatio,balanced,17.794888127409504,5.09282320593798,4.277753192160307,5.0,5.0
54,NormativeLogRatio,value neglect,9.451621551646507,0.8419707194188454,7.125821556701305,1.0,10.0
55,NormativeLogRatio,perceptual neglect,4.388000275132825,9.824737783027624,0.0,10.0,1.0
56,NormativeLogRatio,random,33.53547246984809,0.0,0.20577083405863933,,
57,NormativeLogRatio,balanced,72.03168344228082,28.537507518672573,28.603721374273402,5.0,5.0
58,NormativeLogRatio,value neglect,6.964747423955945,0.8630458525524195,16.7664402536115,1.0,10.0
59,NormativeLogRatio,perceptual neglect,2.8005318405486754,30.0,1.5757531290774862,10.0,1.0
60,NormativeLogRatio,random,33.69234096876164,0.26371382082747985,0.0,,
61,NormativeLogRatio,balanced,12.267035246855166,4.574959270607592,3.5858214651077946,5.0,5.0
62,NormativeLogRatio,value neglect,10.156618629146626,0.5602648366116535,4.661800227237598,1.0,10.0
63,NormativeLogRatio,perceptual neglect,10.431507035494377,7.797486825140474,2.026619966078271,10.0,1.0
64,NormativeLogRatio,random,31.660621064656784,0.0,0.5688140190781835,,
65,NormativeLogRatio,balanced,20.842364175899355,2.391571279525216,2.1538412623170466,5.0,5.0
66,NormativeLogRatio,value neglect,15.393504979159145,0.840528425606788,5.89061022324982,1.0,10.0
67,NormativeLogRatio,perceptual neglect,16.247996597767152,5.376349791722877,0.6058112964450174,10.0,1.0
68,NormativeLogRatio,random,33.95748719970449,0.0,0.02883921648962012,,
69,NormativeLogRatio,balanced,13.419422901588906,5.061124901528774,3.137002591316179,5.0,5.0
70,NormativeLogRatio,value neglect,9.697154836983435,0.0,7.180384661283423,1.0,10.0
71,NormativeLogRatio,perceptual neglect,4.917001756197397,7.768088756463404,1.2127150590854308,10.0,1.0
72,NormativeLogRatio,random,33.964211847437284,0.0,0.0,,
73,NormativeLogRatio,balanced,9.280511220240452,5.7981089829563395,7.126339862439541,5.0,5.0
74,NormativeLogRatio,value neglect,7.471992234852616,1.4893488927489849,5.714582923296873,1.0,10.0
75,NormativeLogRatio,perceptual neglect,20.341087304578256,5.625005611857863,0.6099214111147567,10.0,1.0
76,NormativeLogRatio,random,33.955147811900176,0.0429530126218094,0.0,,
77,NormativeLogRatio,balanced,10.523213176344774,6.755158504884331,5.507652823064082,5.0,5.0
78,NormativeLogRatio,value neglect,17.747473812012416,0.15844649806744432,7.906602034593547,1.0,10.0
79,NormativeLogRatio,perceptual neglect,20.017830993155957,4.301689924829697,0.28614451545885256,10.0,1.0
80,NormativeLogRatio,random,32.757532716628916,0.0,0.6702232945793816,,
81,NormativeLogRatio,balanced,13.79876091739498,3.905836838063815,3.8749434022483187,5.0,5.0
82,NormativeLogRatio,value neglect,1.3391812811341195,3.5883248641920757,30.0,1.0,10.0
83,NormativeLogRatio,perceptual neglect,9.859715021835907,11.707393163614839,0.0,10.0,1.0
84,NormativeLogRatio,random,33.81844715904319,0.0,0.17518895688396507,,
85,NormativeLogRatio,balanced,12.35897880084684,4.438274178315271,5.282633677266385,5.0,5.0
86,NormativeLogRatio,value neglect,25.42976236983879,0.0,30.0,1.0,10.0
87,NormativeLogRatio,perceptual neglect,6.264173157483425,9.249753586676174,0.32239327316330196,10.0,1.0
88,NormativeLogRatio,random,33.964211847437284,0.0,0.0,,
89,NormativeLogRatio,balanced,16.431124524528126,3.0045053442634444,3.4978158554887777,5.0,5.0
90,NormativeLogRatio,value neglect,10.364785179122702,0.8199708443740341,13.459571709260462,1.0,10.0
91,NormativeLogRatio,perceptual neglect,7.935573613775678,7.214018796244883,0.9063862618217211,10.0,1.0
92,NormativeLogRatio,random,33.963600679073785,0.019556888365707792,0.0,,
93,NormativeLogRatio,balanced,16.978410655436498,2.492715025097497,0.7094755222742303,5.0,5.0
94,NormativeLogRatio,value neglect,8.383281889616747,1.9875395288063658,11.821356674431074,1.0,10.0
95,NormativeLogRatio,perceptual neglect,2.4663256384814356,19.553720823093023,14.963997936697268,10.0,1.0
96,NormativeLogRatio,random,33.1611864157324,0.43442606102711373,0.23005391581935566,,
97,NormativeLogRatio,balanced,13.228419616441515,4.351236857112855,5.137656376548177,5.0,5.0
98,NormativeLogRatio,value neglect,3.0739993762761038,0.3191144782478737,30.0,1.0,10.0
99,NormativeLogRatio,perceptual neglect,14.5111651243174,5.089248273844986,0.0,10.0,1.0
100,NormativeLogRatio,random,33.96188240843659,0.025179330724450107,0.0,,
101,NormativeLogRatio,balanced,15.67233566267454,3.567767558501381,3.263421442386719,5.0,5.0
102,NormativeLogRatio,value neglect,19.451167021955047,0.6696310622120044,4.428234425454055,1.0,10.0
103,NormativeLogRatio,perceptual neglect,10.672021379331198,5.7857202578583315,0.8353188971776321,10.0,1.0
104,NormativeLogRatio,random,33.93066018666768,0.0,0.077962025748755,,
105,NormativeLogRatio,balanced,13.343322127699702,3.938019998804528,3.2109975450838717,5.0,5.0
106,NormativeLogRatio,value neglect,4.4228029772569,0.3334880338239889,30.0,1.0,10.0
107,NormativeLogRatio,perceptual neglect,10.461857113371371,5.364088960785484,0.34947922430746603,10.0,1.0
108,NormativeLogRatio,random,33.964211847437284,0.0,0.0,,
109,NormativeLogRatio,balanced,16.948573361798612,3.6287858685966867,5.6031398148309615,5.0,5.0
110,NormativeLogRatio,value neglect,4.265398918902342,0.41253405706877794,30.0,1.0,10.0
111,NormativeLogRatio,perceptual neglect,12.21401050252508,9.704436949521359,1.0436329379048428,10.0,1.0
112,NormativeLogRatio,random,33.964211847437284,0.0,0.0,,
113,NormativeLogRatio,balanced,8.003332926404767,4.709674549227338,6.443108902588561,5.0,5.0
114,NormativeLogRatio,value neglect,8.141035600855684,0.18484933974730045,11.082960967781078,1.0,10.0
115,NormativeLogRatio,perceptual neglect,15.742816735180533,5.933784821746754,0.6709980450096601,10.0,1.0
116,NormativeLogRatio,random,33.964211847437284,0.0,0.0,,
117,NormativeLogRatio,balanced,10.463645710870056,8.051136351041082,6.14710779392369,5.0,5.0
118,NormativeLogRatio,value neglect,9.203195538107376,0.9452939268854456,8.730722512494246,1.0,10.0
119,NormativeLogRatio,perceptual neglect,4.162020610388129,7.538161248938296,0.5482503702146155,10.0,1.0
120,NormativeLogRatio,random,33.15419239182105,0.0,0.35462323114110017,,
121,NormativeLogRatio,balanced,5.218942608594441,6.134726666492232,8.837571589673816,5.0,5.0
122,NormativeLogRatio,value neglect,3.3581410448332707,2.6461254628762836,25.998191737163946,1.0,10.0
123,NormativeLogRatio,perceptual neglect,20.563790463961475,4.689249626030578,0.6098477673264853,10.0,1.0
124,NormativeLogRatio,random,33.935463092334516,0.16218989413665347,0.0,,
125,NormativeLogRatio,balanced,19.940426358683784,2.8037967351196222,5.283737028069198,5.0,5.0
126,NormativeLogRatio,value neglect,7.348163255449259,0.0,13.507256964451102,1.0,10.0
127,NormativeLogRatio,perceptual neglect,19.15160812456382,4.317108957521742,1.533447794431271,10.0,1.0
128,NormativeLogRatio,random,33.74808527942232,0.21564172233641177,0.14415782735046184,,
129,NormativeLogRatio,balanced,15.083543036424805,1.8021572456783197,4.336642314146686,5.0,5.0
130,NormativeLogRatio,value neglect,13.388523126494722,1.1508383928479158,9.86176775187511,1.0,10.0
131,NormativeLogRatio,perceptual neglect,7.135815868906262,8.603064816370381,2.378539073235684,10.0,1.0
132,NormativeLogRatio,random,33.964211847437284,0.0,0.0,,
133,NormativeLogRatio,balanced,14.187417646206619,2.412828188146341,4.11244548231516,5.0,5.0
134,NormativeLogRatio,value neglect,19.044494988025377,0.0,6.1692846895951945,1.0,10.0
135,NormativeLogRatio,perceptual neglect,10.858670871705874,6.506507993660913,2.0177781735303593,10.0,1.0
136,NormativeLogRatio,random,33.964211847437284,0.0,0.0,,
137,NormativeLogRatio,balanced,7.833212373399056,6.77195729162055,6.675684223620223,5.0,5.0
138,NormativeLogRatio,value neglect,10.246867642085602,0.9886812963776714,9.633106144415455,1.0,10.0
139,NormativeLogRatio,perceptual neglect,19.121770194149565,7.246462697855464,0.9392962320263756,10.0,1.0
140,NormativeLogRatio,random,33.763667395867365,0.039998870086961756,0.16884533351137607,,
141,NormativeLogRatio,balanced,12.300515623159344,2.9507137617775667,4.566227799226405,5.0,5.0
142,NormativeLogRatio,value neglect,12.49877991222588,0.0,15.829364441158251,1.0,10.0
143,NormativeLogRatio,perceptual neglect,2.885891774197159,25.190039662785125,8.454885652266794,10.0,1.0
144,NormativeLogRatio,random,33.4888973350519,0.29940785267041503,0.136029915031183,,
145,NormativeLogRatio,balanced,8.18907168339568,6.10212380328727,6.194806756594537,5.0,5.0
146,NormativeLogRatio,value neglect,10.323705370185627,0.0,16.12697362254869,1.0,10.0
147,NormativeLogRatio,perceptual neglect,13.80602400681184,6.810502727868204,0.7297516403861956,10.0,1.0
148,NormativeLogRatio,random,33.964211847437284,0.0,0.0,,
149,NormativeLogRatio,balanced,6.607149983569741,4.844108124270749,6.418731678163089,5.0,5.0
150,NormativeLogRatio,value neglect,5.377358026383764,0.0,13.825203465212057,1.0,10.0
151,NormativeLogRatio,perceptual neglect,9.063279082828712,5.2411940254305085,0.3084989614239174,10.0,1.0
152,NormativeLogRatio,random,33.518361172790335,0.4145660316238523,0.0,,
153,NormativeLogRatio,balanced,17.949044963664203,4.895436366800522,3.9848068108312162,5.0,5.0
154,NormativeLogRatio,value neglect,12.941334023010285,0.5836750580070348,7.558278634425678,1.0,10.0
155,NormativeLogRatio,perceptual neglect,25.22956422756242,27.998380583437175,0.0,10.0,1.0
156,NormativeLogRatio,random,32.99173311431058,0.0,0.6148624532184837,,
157,NormativeLogRatio,balanced,14.850369919721194,3.298549224020543,3.970869773757828,5.0,5.0
158,NormativeLogRatio,value neglect,4.285001990474138,0.7163578010320104,30.0,1.0,10.0
159,NormativeLogRatio,perceptual neglect,9.648129014096567,8.404777537757695,3.7248931806535706,10.0,1.0
160,NormativeLogRatio,random,33.57454584682191,0.0,0.2804873101834616,,
161,NormativeLogRatio,balanced,16.324322633292805,3.985954312610501,3.6454428150386162,5.0,5.0
162,NormativeLogRatio,value neglect,15.920318133104178,1.1598902593829838,4.80354617655471,1.0,10.0
163,NormativeLogRatio,perceptual neglect,11.997673429936313,6.874433498846467,0.7562163965894034,10.0,1.0
164,NormativeLogRatio,random,33.964211847437284,0.0,0.0,,
165,NormativeLogRatio,balanced,13.869621989121349,2.5095426253336863,2.653081440065738,5.0,5.0
166,NormativeLogRatio,value neglect,1.4581653200513245,6.31857469603633,30.0,1.0,10.0
167,NormativeLogRatio,perceptual neglect,20.04008339933381,7.665424207279533,0.01202810469153256,10.0,1.0
168,NormativeLogRatio,random,33.94385417096509,0.0,0.10688299887215456,,
169,NormativeLogRatio,balanced,9.692137070378342,6.6804959126547985,5.261928254327212,5.0,5.0
170,NormativeLogRatio,value neglect,15.446146766090681,0.0,5.5835358538093915,1.0,10.0
171,NormativeLogRatio,perceptual neglect,8.58158430421472,9.792608304177216,0.0,10.0,1.0
172,NormativeLogRatio,random,33.84516001488895,0.1732890842722087,0.0,,
173,NormativeLogRatio,balanced,13.310943958416532,4.971102166866647,4.1172026943618585,5.0,5.0
174,NormativeLogRatio,value neglect,9.61977985369939,5.338469283730478,15.138613576593535,1.0,10.0
175,NormativeLogRatio,perceptual neglect,10.880328638589491,5.546807064987563,0.3892045699146296,10.0,1.0
176,NormativeLogRatio,random,33.964211847437284,0.0,0.0,,
177,NormativeLogRatio,balanced,5.591220435423384,13.98982562802511,13.081325242442993,5.0,5.0
178,NormativeLogRatio,value neglect,7.302766500708816,1.8913659625802457,16.73211135254252,1.0,10.0
179,NormativeLogRatio,perceptual neglect,11.748330656962983,5.814309365560116,0.878670167124317,10.0,1.0
180,NormativeLogRatio,random,33.52117953603787,0.0,0.30482360967280697,,
181,NormativeLogRatio,balanced,13.621104117372877,3.6779908933631162,3.3785450484491397,5.0,5.0
182,NormativeLogRatio,value neglect,16.267350363845132,0.16069834026058405,7.875907590584761,1.0,10.0
183,NormativeLogRatio,perceptual neglect,2.774375457838314,30.0,0.0,10.0,1.0
184,NormativeLogRatio,random,587.85872633608,30.0,30.0,,
185,NormativeLogRatio,balanced,16.84705148932856,2.5624900520391134,2.4865694022912392,5.0,5.0
186,NormativeLogRatio,value neglect,18.472430966488446,0.46628184778766996,5.769706982068115,1.0,10.0
187,NormativeLogRatio,perceptual neglect,17.65212195507912,4.3269986307721195,0.6441320474407487,10.0,1.0
188,NormativeLogRatio,random,33.67195700610103,0.0031943089466493525,0.26070512082433883,,
189,NormativeLogRatio,balanced,15.307951362820283,2.759250299892946,4.167829802106823,5.0,5.0
190,NormativeLogRatio,value neglect,12.549218714478753,0.0,8.785318608001184,1.0,10.0
191,NormativeLogRatio,perceptual neglect,13.759360383376444,8.279682080116494,0.5679610976176113,10.0,1.0
192,NormativeLogRatio,random,33.091848228185434,0.0,0.589999709644794,,
193,NormativeLogRatio,balanced,18.100574350128053,3.491305147910503,3.7591819378593487,5.0,5.0
194,NormativeLogRatio,value neglect,13.829909185385624,1.4145860745295467,7.895245059409776,1.0,10.0
195,NormativeLogRatio,perceptual neglect,13.685637148692798,6.761944993550468,0.07084100648643783,10.0,1.0
196,NormativeLogRatio,random,33.964211847437284,0.0,0.0,,
197,NormativeLogRatio,balanced,11.444659990809686,5.149507877414866,3.9020885812395782,5.0,5.0
198,NormativeLogRatio,value neglect,14.01601666475416,0.25682207030065823,7.10107060498907,1.0,10.0
199,NormativeLogRatio,perceptual neglect,15.746993614501331,5.594042342628539,0.0519252423348174,10.0,1.0
200,NormativeLogRatio,random,33.85867861911857,0.00746165597489168,0.16236643896859335,,
201,NormativeLogRatio,balanced,16.067163656139147,4.010035224838474,3.5774990445516464,5.0,5.0
202,NormativeLogRatio,value neglect,186.2562005769336,30.0,30.0,1.0,10.0
203,NormativeLogRatio,perceptual neglect,7.582125379935029,8.809225950114566,3.6754227227440674,10.0,1.0
204,NormativeLogRatio,random,33.77789566653446,0.27176002262174226,0.030450961404494898,,
205,NormativeLogRatio,balanced,11.414234094863293,4.838666153883266,4.744387267594408,5.0,5.0
206,NormativeLogRatio,value neglect,20.671572022551487,0.024210976939036274,4.959143161641389,1.0,10.0
207,NormativeLogRatio,perceptual neglect,1.7272045678372534,23.64476133909638,30.0,10.0,1.0
208,NormativeLogRatio,random,32.905339347775005,0.0,0.5009753084688954,,
209,NormativeLogRatio,balanced,13.521229576200568,6.845801359382176,5.370348010083236,5.0,5.0
210,NormativeLogRatio,value neglect,16.315774342821914,0.0,6.381365701643883,1.0,10.0
211,NormativeLogRatio,perceptual neglect,9.599420642851516,5.369151702311076,0.3319466580132886,10.0,1.0
212,NormativeLogRatio,random,33.964211847437284,0.0,0.0,,
213,NormativeLogRatio,balanced,21.833907910957883,3.790368858676708,3.9503240628430865,5.0,5.0
214,NormativeLogRatio,value neglect,5.784832320927072,1.4740743277187662,11.802616172740303,1.0,10.0
215,NormativeLogRatio,perceptual neglect,19.042484625376172,4.671404801785334,0.6136103237225775,10.0,1.0
216,NormativeLogRatio,random,33.48116237580493,0.0,0.18926289086128545,,
217,NormativeLogRatio,balanced,7.47047414442582,7.646813723083785,8.329093159555033,5.0,5.0
218,NormativeLogRatio,value neglect,7.858643032948699,1.639588185151866,10.288222733830262,1.0,10.0
219,NormativeLogRatio,perceptual neglect,9.236511943893044,5.655088923118455,0.8169665466523338,10.0,1.0
220,NormativeLogRatio,random,33.95273939653704,0.08955919667183801,0.0,,
221,NormativeLogRatio,balanced,13.868044500628855,3.6860430059450264,2.7858762429819137,5.0,5.0
222,NormativeLogRatio,value neglect,14.590005022045593,0.26101086973956245,4.468025395523892,1.0,10.0
223,NormativeLogRatio,perceptual neglect,8.88705517144523,7.37315703962246,1.0900713638446153,10.0,1.0
224,NormativeLogRatio,random,33.955572418416054,0.0,0.09866774896593573,,
225,NormativeLogRatio,balanced,4.205108713126421,9.292766688259338,6.50181413436737,5.0,5.0
226,NormativeLogRatio,value neglect,17.95980220623128,0.9756658709986065,5.524772654597513,1.0,10.0
227,NormativeLogRatio,perceptual neglect,0.6917519257685282,30.0,0.0,10.0,1.0
228,NormativeLogRatio,random,33.964211847437284,0.0,0.0,,
229,NormativeLogRatio,balanced,8.473616765968364,5.946587913117225,10.149269375748922,5.0,5.0
230,NormativeLogRatio,value neglect,15.782490051226421,1.8345967863178216,7.644542854596911,1.0,10.0
231,NormativeLogRatio,perceptual neglect,14.571310118500135,9.469679819877026,0.0,10.0,1.0
232,NormativeLogRatio,random,32.539327426228766,0.14122671947998328,2.7832117941096453,,
233,NormativeLogRatio,balanced,10.25187109016492,5.861572406189765,5.015755783365447,5.0,5.0
234,NormativeLogRatio,value neglect,11.3229304379765,1.6763911072590638,8.74954134861174,1.0,10.0
235,NormativeLogRatio,perceptual neglect,20.799422883595994,6.090102922137274,0.8357145066494214,10.0,1.0
236,NormativeLogRatio,random,463.25697694873486,29.81563392841945,29.27466413843944,,
237,NormativeLogRatio,balanced,14.563644699531553,4.04537600392332,2.7980078401481263,5.0,5.0
238,NormativeLogRatio,value neglect,9.387539062816044,0.6179949187895742,7.774276296633101,1.0,10.0
239,NormativeLogRatio,perceptual neglect,14.487765033156265,6.325684741182426,0.0,10.0,1.0
240,NormativeLogRatio,random,33.87577816059312,0.06901694482287918,0.10982005895341089,,
241,NormativeLogRatio,balanced,9.118197568244389,4.355134237396698,4.539288329385474,5.0,5.0
242,NormativeLogRatio,value neglect,5.290411824383713,1.8268918529822584,12.188184042623783,1.0,10.0
243,NormativeLogRatio,perceptual neglect,13.896843724490552,5.887549315134554,0.0,10.0,1.0
244,NormativeLogRatio,random,30.963381197238274,0.0,1.1780892420188325,,
245,NormativeLogRatio,balanced,14.32293762855373,2.8708160347624188,4.001675597336061,5.0,5.0
246,NormativeLogRatio,value neglect,4.35634958739365,2.5826025586389973,28.429536009719932,1.0,10.0
247,NormativeLogRatio,perceptual neglect,12.553250316503968,4.031817910288034,0.02526236846686482,10.0,1.0
248,NormativeLogRatio,random,32.26258620551496,0.647974638534379,0.3276755838717394,,
249,NormativeLogRatio,balanced,6.351177476264697,7.441135444011928,8.054809436858177,5.0,5.0
250,NormativeLogRatio,value neglect,14.665770774274762,0.47146102665949413,7.158565059982438,1.0,10.0
251,NormativeLogRatio,perceptual neglect,6.085217010629521,7.749514400692388,0.3072918232377562,10.0,1.0
252,NormativeLogRatio,random,33.368640549670495,0.15496876662243286,0.29093555066028254,,
253,NormativeLogRatio,balanced,13.648112608153474,4.873503976552788,5.884891318841658,5.0,5.0
254,NormativeLogRatio,value neglect,9.212731094534202,1.2010960777603137,7.434767391838158,1.0,10.0
255,NormativeLogRatio,perceptual neglect,11.50120749741948,6.699148105173249,0.867935780954846,10.0,1.0
256,NormativeLogRatio,random,33.964211847437284,0.0,0.0,,
257,NormativeLogRatio,balanced,24.124030293099505,2.988218049343392,2.218722731759759,5.0,5.0
258,NormativeLogRatio,value neglect,24.13959552697219,0.7632803510750674,7.003166320590291,1.0,10.0
259,NormativeLogRatio,perceptual neglect,7.840611930761417,10.523875391103083,0.7927008538619674,10.0,1.0
260,NormativeLogRatio,random,33.30388026027043,0.5504065609836086,0.0,,
261,NormativeLogRatio,balanced,19.20476828862085,1.9534005267588943,2.885421878206244,5.0,5.0
262,NormativeLogRatio,value neglect,7.249556438919074,0.0,9.734096292609381,1.0,10.0
263,NormativeLogRatio,perceptual neglect,4.469674001673965,8.486246338749222,1.608508876566896,10.0,1.0
264,NormativeLogRatio,random,33.953268832123044,0.08548047870658745,0.0,,
265,NormativeLogRatio,balanced,14.614781326731007,4.16068033533819,4.349425705537469,5.0,5.0
266,NormativeLogRatio,value neglect,14.21301756634053,0.9933827974793262,5.339006515887761,1.0,10.0
267,NormativeLogRatio,perceptual neglect,6.621798520946,18.24901136950734,0.36304191700006366,10.0,1.0
268,NormativeLogRatio,random,33.87279218456856,0.0,0.1314674610368791,,
269,NormativeLogRatio,balanced,12.409847842011006,4.163411492193839,2.622057710177002,5.0,5.0
270,NormativeLogRatio,value neglect,1.6993848798821458,5.278731201879015,30.0,1.0,10.0
271,NormativeLogRatio,perceptual neglect,5.310768203184087,5.808246209203169,1.0707931808871225,10.0,1.0
272,NormativeLogRatio,random,33.52844035947043,0.5000083108505052,0.0,,
273,NormativeLogRatio,balanced,18.045824232046378,4.748707098230863,3.9779213812330774,5.0,5.0
274,NormativeLogRatio,value neglect,18.5248690722744,0.9976998863638232,4.616735528144478,1.0,10.0
275,NormativeLogRatio,perceptual neglect,10.78856160210255,6.0869138580742845,0.07644192004279703,10.0,1.0
276,NormativeLogRatio,random,33.964211847437284,0.0,0.0,,
277,NormativeLogRatio,balanced,15.33469612178168,4.619702095938797,3.527123332677682,5.0,5.0
278,NormativeLogRatio,value neglect,23.1336335932657,1.4418029298296546,4.5486506686991115,1.0,10.0
279,NormativeLogRatio,perceptual neglect,15.704485186435459,4.671123023205941,0.39091128948795834,10.0,1.0
280,NormativeLogRatio,random,33.964211847437284,0.0,0.0,,
281,NormativeLogRatio,balanced,16.16477110865922,3.703787036073147,6.856432772392308,5.0,5.0
282,NormativeLogRatio,value neglect,12.766518091220737,0.0,6.056403743256776,1.0,10.0
283,NormativeLogRatio,perceptual neglect,12.966887175253158,4.354169435786453,0.0,10.0,1.0
284,NormativeLogRatio,random,32.791569187371216,0.2666528400076986,0.878011734297663,,
285,NormativeLogRatio,balanced,11.121305446931306,5.558006011003685,3.151385602804464,5.0,5.0
286,NormativeLogRatio,value neglect,4.933149130549716,5.232658938680752,18.16016766015573,1.0,10.0
287,NormativeLogRatio,perceptual neglect,13.788986570950122,5.554697894798828,0.28067367739444654,10.0,1.0
288,NormativeLogRatio,random,33.84204145047985,0.45200465428333286,0.0,,
289,NormativeLogRatio,balanced,20.022910286644656,4.400203655251975,3.564356958541837,5.0,5.0
290,NormativeLogRatio,value neglect,11.050582037449983,1.066190415172694,5.386150635199579,1.0,10.0
291,NormativeLogRatio,perceptual neglect,21.26639623842506,4.799102663258855,0.7358760046951554,10.0,1.0
292,NormativeLogRatio,random,32.60284359130037,0.0,0.4186115909633188,,
293,NormativeLogRatio,balanced,15.10145188342005,4.074626301229247,2.2550804837972978,5.0,5.0
294,NormativeLogRatio,value neglect,9.390286568755165,0.6333119738585509,9.73280595471799,1.0,10.0
295,NormativeLogRatio,perceptual neglect,0.9361079265640444,30.0,3.1349407184195,10.0,1.0
296,NormativeLogRatio,random,33.964211847437284,0.0,0.0,,
297,NormativeLogRatio,balanced,5.139783694116064,11.849976011289876,8.090059071881956,5.0,5.0
298,NormativeLogRatio,value neglect,14.84558595830561,0.7566049513834403,3.7902191459526064,1.0,10.0
299,NormativeLogRatio,perceptual neglect,11.163432307660969,7.2651007408569175,0.0,10.0,1.0
300,NormativeLogRatio,random,33.14219789727949,0.19464857829340926,0.35473459181029904,,
301,NormativeLogRatio,balanced,8.479279838872388,4.91584703111755,11.366600059785247,5.0,5.0
302,NormativeLogRatio,value neglect,12.176953288727809,0.6063853797808197,7.719289692935797,1.0,10.0
303,NormativeLogRatio,perceptual neglect,13.768322582477627,6.527463159143611,1.1825210042221657,10.0,1.0
304,NormativeLogRatio,random,33.96325354256885,0.027759687336679585,0.0,,
305,NormativeLogRatio,balanced,12.499912661878177,4.07521291920845,5.038681463634126,5.0,5.0
306,NormativeLogRatio,value neglect,9.834619656134517,1.4919019516673435,7.726048540982315,1.0,10.0
307,NormativeLogRatio,perceptual neglect,6.623092346959446,9.290559712463436,0.0,10.0,1.0
308,NormativeLogRatio,random,33.85333755183783,0.0,0.12355939583101616,,
309,NormativeLogRatio,balanced,11.50345480431725,3.189904770165347,6.005256461449702,5.0,5.0
310,NormativeLogRatio,value neglect,13.685854255533306,0.4571110297400816,8.54324006810375,1.0,10.0
311,NormativeLogRatio,perceptual neglect,6.244866834701219,17.129170281067715,1.9275035028083691,10.0,1.0
312,NormativeLogRatio,random,32.58875932622646,0.7127253558882369,0.0,,
313,NormativeLogRatio,balanced,10.055631749659392,4.606176189434953,8.063398951623688,5.0,5.0
314,NormativeLogRatio,value neglect,8.482116509966094,0.3347761631644566,13.639186225261362,1.0,10.0
315,NormativeLogRatio,perceptual neglect,12.912002337968627,6.859327287894682,0.0,10.0,1.0
316,NormativeLogRatio,random,32.504548526919635,0.6840801841065067,0.5078324362990982,,
317,NormativeLogRatio,balanced,5.468253441548964,7.379663251333262,5.8055292557766585,5.0,5.0
318,NormativeLogRatio,value neglect,32.49787746638357,5.773639957197818,24.4663369516688,1.0,10.0
319,NormativeLogRatio,perceptual neglect,13.33373172145832,6.463332159733984,1.8828707833590068,10.0,1.0
320,NormativeLogRatio,random,263.6161563612625,28.845954235114696,27.074752056919866,,
321,NormativeLogRatio,balanced,12.442028478348709,3.512001793686278,4.0754020209222865,5.0,5.0
322,NormativeLogRatio,value neglect,7.23226976815786,1.1020792523073668,8.468564430293796,1.0,10.0
323,NormativeLogRatio,perceptual neglect,10.767560750690789,11.77336898306842,1.8874184462830872,10.0,1.0
324,NormativeLogRatio,random,33.964211847437284,0.0,0.0,,
325,NormativeLogRatio,balanced,13.16411119463033,5.872908369402414,5.60734194672097,5.0,5.0
326,NormativeLogRatio,value neglect,15.387922666995246,1.0977603643211709,5.8863987704502065,1.0,10.0
327,NormativeLogRatio,perceptual neglect,7.680295481245984,9.794472345502214,1.0936130198750025,10.0,1.0
328,NormativeLogRatio,random,33.96388034287151,0.0,0.009317374276655983,,
329,NormativeLogRatio,balanced,13.11928432308,4.167581561383506,5.526499347621441,5.0,5.0
330,NormativeLogRatio,value neglect,22.163747232515746,0.007932996245341167,3.6846360461834147,1.0,10.0
331,NormativeLogRatio,perceptual neglect,10.513727585229084,8.023382014696292,0.8176471818197136,10.0,1.0
332,NormativeLogRatio,random,32.50499556466779,0.017590417787230816,0.4410898316597073,,
333,NormativeLogRatio,balanced,16.681080866062004,3.9669168163275703,2.6080420856603457,5.0,5.0
334,NormativeLogRatio,value neglect,7.285255678735599,1.1738913900007881,6.843800666259687,1.0,10.0
335,NormativeLogRatio,perceptual neglect,12.63492560408586,5.397119940407917,0.6865781808908344,10.0,1.0
336,NormativeLogRatio,random,33.86789848715322,0.0,0.13549483515742258,,
337,NormativeLogRatio,balanced,8.624529399981768,6.385166817228914,5.851332911335384,5.0,5.0
338,NormativeLogRatio,value neglect,18.143513154157088,0.5963810353440503,4.195353329763382,1.0,10.0
339,NormativeLogRatio,perceptual neglect,12.289093597115263,6.337683309888272,0.8822364950661338,10.0,1.0
340,NormativeLogRatio,random,33.646002613204935,0.0,0.18216377244571036,,
341,NormativeLogRatio,balanced,17.89396972214456,3.7429145350940343,3.3779139002431426,5.0,5.0
342,NormativeLogRatio,value neglect,11.903851993137707,0.027700227302652522,6.081459771830513,1.0,10.0
343,NormativeLogRatio,perceptual neglect,10.214712589881056,4.29308299377057,0.0,10.0,1.0
344,NormativeLogRatio,random,32.77057796762833,1.6301150484461084,0.0,,
345,NormativeLogRatio,balanced,7.284088892951036,3.3516914019070314,4.880618776741631,5.0,5.0
346,NormativeLogRatio,value neglect,14.905183896954535,0.17279225312790936,5.030922752562702,1.0,10.0
347,NormativeLogRatio,perceptual neglect,9.514389453368723,4.218114521674615,0.7551469324845225,10.0,1.0
348,NormativeLogRatio,random,33.961932308625734,0.0,0.02085027136766062,,
349,NormativeLogRatio,balanced,13.1538151342834,3.684616473072048,3.885782094345936,5.0,5.0
350,NormativeLogRatio,value neglect,17.25928507878262,1.1277851968412742,6.637078044606643,1.0,10.0
351,NormativeLogRatio,perceptual neglect,10.027370415398819,8.575263067976715,0.0,10.0,1.0
352,NormativeLogRatio,random,33.39116686498004,0.2644383889350733,0.30347494726378577,,
353,NormativeLogRatio,balanced,14.620591610584572,5.5988488973054835,5.603041367959984,5.0,5.0
354,NormativeLogRatio,value neglect,12.750177315723755,0.0,4.702150110497811,1.0,10.0
355,NormativeLogRatio,perceptual neglect,21.412001340219895,7.866252746615218,1.5656024622422975,10.0,1.0
356,NormativeLogRatio,random,33.760178813379376,0.24556606300340894,0.0934032285493111,,
357,NormativeLogRatio,balanced,5.648576039980626,7.852911237214026,8.418593186834768,5.0,5.0
358,NormativeLogRatio,value neglect,13.076351751009094,2.1232517199695256,10.950349384169666,1.0,10.0
359,NormativeLogRatio,perceptual neglect,9.300199560194018,7.662852767590231,0.0,10.0,1.0
360,NormativeLogRatio,random,33.93486566401496,0.0,0.08687661030193414,,
361,NormativeLogRatio,balanced,13.533005822373491,3.990565881356091,3.9067167723097853,5.0,5.0
362,NormativeLogRatio,value neglect,11.519660566122981,1.3324208277247958,8.309522375886603,1.0,10.0
363,NormativeLogRatio,perceptual neglect,19.846915682191014,6.293511840514528,1.2844075175863674,10.0,1.0
364,NormativeLogRatio,random,33.808576231144514,0.12169094171713842,0.09991279309869129,,
365,NormativeLogRatio,balanced,19.688364182741267,2.671216517347019,3.4658999585243264,5.0,5.0
366,NormativeLogRatio,value neglect,8.988089965746983,1.041634645459745,12.675096857445846,1.0,10.0
367,NormativeLogRatio,perceptual neglect,13.624766211004408,5.683877479529406,3.222621264840138,10.0,1.0
368,NormativeLogRatio,random,33.90390512113651,0.0,0.10023739876064762,,
369,NormativeLogRatio,balanced,13.259975665643159,6.547378561153723,4.944835060735898,5.0,5.0
370,NormativeLogRatio,value neglect,6.3047889195741895,0.9138913413423386,8.98849397241775,1.0,10.0
371,NormativeLogRatio,perceptual neglect,15.164543647861038,5.122415784936621,0.0,10.0,1.0
372,NormativeLogRatio,random,33.86144418468686,0.0,0.15729454246804456,,
373,NormativeLogRatio,balanced,9.704439808394547,4.777881876515713,5.743147581967245,5.0,5.0
374,NormativeLogRatio,value neglect,14.857292728317315,1.0147627226156188,8.14778350874557,1.0,10.0
375,NormativeLogRatio,perceptual neglect,18.74922784650744,5.465537179446168,0.2478845471419238,10.0,1.0
376,NormativeLogRatio,random,33.29202132841797,0.47620682743549203,0.01178507310396483,,
377,NormativeLogRatio,balanced,18.9770770170779,2.057545695695154,3.1719968654121184,5.0,5.0
378,NormativeLogRatio,value neglect,9.218558432660302,0.49207547222231746,6.528546404912602,1.0,10.0
379,NormativeLogRatio,perceptual neglect,7.8394260672982705,8.017357712816574,1.2049288891046164,10.0,1.0
380,NormativeLogRatio,random,33.964211847437284,0.0,0.0,,
381,NormativeLogRatio,balanced,7.494906258109479,6.157207791585724,6.155072156818335,5.0,5.0
382,NormativeLogRatio,value neglect,12.904201757525852,0.5316955934105778,4.705492292656165,1.0,10.0
383,NormativeLogRatio,perceptual neglect,20.346725580703314,4.010285567114,0.41354079036711683,10.0,1.0
384,NormativeLogRatio,random,32.50124223597551,0.9877908280946871,0.0,,
385,NormativeLogRatio,balanced,13.085775573424183,3.5592776086543627,3.487349054712619,5.0,5.0
386,NormativeLogRatio,value neglect,15.846844761410031,0.0,7.176653915809449,1.0,10.0
387,NormativeLogRatio,perceptual neglect,11.734647919485008,6.605586598802919,0.5082385378468487,10.0,1.0
388,NormativeLogRatio,random,33.778063146786884,0.23000963529825236,0.04917764941810415,,
389,NormativeLogRatio,balanced,14.782128402694104,3.4660148007156515,4.004494989957151,5.0,5.0
390,NormativeLogRatio,value neglect,11.695244046213345,1.2486118375329525,6.293975397334502,1.0,10.0
391,NormativeLogRatio,perceptual neglect,16.83187168702107,6.733325018820284,0.5014304871195797,10.0,1.0
392,NormativeLogRatio,random,33.85351406704008,0.0,0.1907671920425117,,
393,NormativeLogRatio,balanced,11.438942460264236,4.1343817737248365,3.8896206263126034,5.0,5.0
394,NormativeLogRatio,value neglect,23.910042533858462,0.0,4.824064155232922,1.0,10.0
395,NormativeLogRatio,perceptual neglect,19.20431504208237,16.735386857907436,0.35979466900531576,10.0,1.0
396,NormativeLogRatio,random,33.722569362160286,0.3864018453213473,0.0,,
397,NormativeLogRatio,balanced,15.926167659402351,3.4702107593764153,2.861084092444399,5.0,5.0
398,NormativeLogRatio,value neglect,2.3214983636050737,6.055819662328548,15.273478677310646,1.0,10.0
399,NormativeLogRatio,perceptual neglect,6.4654927365848645,5.79826820141038,0.3808265779695396,10.0,1.0
400,NormativeLogRatio,random,33.964211847437284,0.0,0.0,,
