,agent,model,omega,beta,ll,group,ntrials,exp,prolificID
0,610a1655e385fd7341e12778,map,0.991143798828125,0.997314453125,88.24228328205737,perceptual,287,FullPilot12,610a1655e385fd7341e12778
1,610a1655e385fd7341e12778,value,0.99998779296875,79.130859375,99.813184631913,perceptual,287,FullPilot12,610a1655e385fd7341e12778
2,610a1655e385fd7341e12778,perceptual,0.02359848022460942,41.81915283203125,88.24260010449174,perceptual,287,FullPilot12,610a1655e385fd7341e12778
3,66f6c4195f17d26ce8c8018d,map,0.999994659423828,1.99798583984375,66.01637707411733,perceptual,288,FullPilot12,66f6c4195f17d26ce8c8018d
4,66f6c4195f17d26ce8c8018d,value,0.9999788880348205,365.68668365478516,99.81261297028914,perceptual,288,FullPilot12,66f6c4195f17d26ce8c8018d
5,66f6c4195f17d26ce8c8018d,perceptual,0.11109085083007814,17.975921630859375,66.01637264618888,perceptual,288,FullPilot12,66f6c4195f17d26ce8c8018d
6,636590165e6fcc3e84ee2b6d,map,0.32498779296875,0.0,99.81319397183192,random,280,FullPilot12,636590165e6fcc3e84ee2b6d
7,636590165e6fcc3e84ee2b6d,value,0.99998779296875,0.0,99.81319397183192,random,280,FullPilot12,636590165e6fcc3e84ee2b6d
8,636590165e6fcc3e84ee2b6d,perceptual,0.22666015625000002,0.0,99.81319397183192,random,280,FullPilot12,636590165e6fcc3e84ee2b6d
9,660d619f39d061875f78ac8c,map,0.3218017578125,0.0,99.81319397183192,random,296,FullPilot12,660d619f39d061875f78ac8c
10,660d619f39d061875f78ac8c,value,0.99998779296875,265.196533203125,99.81309322276692,random,296,FullPilot12,660d619f39d061875f78ac8c
11,660d619f39d061875f78ac8c,perceptual,0.2205078125,0.0,99.81319397183192,random,296,FullPilot12,660d619f39d061875f78ac8c
12,667ad18688c9319e6559bdc4,map,0.6449468149707173,3.810143221562612,50.27796331612909,combined,288,FullPilot12,667ad18688c9319e6559bdc4
13,667ad18688c9319e6559bdc4,value,0.9979128486476838,290.47069320455194,96.58197734931498,combined,288,FullPilot12,667ad18688c9319e6559bdc4
14,667ad18688c9319e6559bdc4,perceptual,0.19545683860778812,10.966873168945312,57.011804704762,combined,288,FullPilot12,667ad18688c9319e6559bdc4
15,669ede47eb98d478aff45414,map,0.28571549206972124,4.255054295063019,52.672178956881226,combined,288,FullPilot12,669ede47eb98d478aff45414
16,669ede47eb98d478aff45414,value,0.522718095779419,5.251379013061523,62.71650243353382,combined,288,FullPilot12,669ede47eb98d478aff45414
17,669ede47eb98d478aff45414,perceptual,0.0412315368652344,16.571807861328125,93.11153722798475,combined,288,FullPilot12,669ede47eb98d478aff45414
18,60d7922fc3809c404939251c,map,0.9339256600942463,3.0711089074611664,64.43926597686658,perceptual,288,FullPilot12,60d7922fc3809c404939251c
19,60d7922fc3809c404939251c,value,0.998755693435669,104.72677230834961,99.66525449429753,perceptual,288,FullPilot12,60d7922fc3809c404939251c
20,60d7922fc3809c404939251c,perceptual,0.1856742858886719,15.412774085998535,64.64372105808766,perceptual,288,FullPilot12,60d7922fc3809c404939251c
21,5a9353586219a30001d2f2af,map,1.2207031250044409e-05,0.26123046875,98.50624584839774,random,287,FullPilot12,5a9353586219a30001d2f2af
22,5a9353586219a30001d2f2af,value,0.9985739032621495,182.948181303218,98.5062201133016,random,287,FullPilot12,5a9353586219a30001d2f2af
23,5a9353586219a30001d2f2af,perceptual,0.22622070312500003,0.0,99.12004679147198,random,287,FullPilot12,5a9353586219a30001d2f2af
24,5d5b67ab9ad5a300181398dc,map,0.889771099248901,2.863951548933983,52.983904157079834,perceptual,288,FullPilot12,5d5b67ab9ad5a300181398dc
25,5d5b67ab9ad5a300181398dc,value,0.99998779296875,0.0,99.81319397183192,perceptual,288,FullPilot12,5d5b67ab9ad5a300181398dc
26,5d5b67ab9ad5a300181398dc,perceptual,0.12373360395431521,20.173325538635254,53.404269448288346,perceptual,288,FullPilot12,5d5b67ab9ad5a300181398dc
27,6165e6f471254e3af05c5057,map,0.5138651497662068,0.638473629951477,97.86375991635657,random,288,FullPilot12,6165e6f471254e3af05c5057
28,6165e6f471254e3af05c5057,value,0.9986706137657165,225.43874621391296,98.93387992062667,random,288,FullPilot12,6165e6f471254e3af05c5057
29,6165e6f471254e3af05c5057,perceptual,0.07989700348116463,3.9852711744606495,98.78790641216082,random,288,FullPilot12,6165e6f471254e3af05c5057
30,66f7102d3196ce5e60b2c1bd,map,0.9708100527524948,2.1666330099105835,69.721548943208,perceptual,287,FullPilot12,66f7102d3196ce5e60b2c1bd
31,66f7102d3196ce5e60b2c1bd,value,0.99998779296875,0.0,99.81319397183192,perceptual,287,FullPilot12,66f7102d3196ce5e60b2c1bd
32,66f7102d3196ce5e60b2c1bd,perceptual,0.14619388580322268,14.359970092773438,69.74291396537889,perceptual,287,FullPilot12,66f7102d3196ce5e60b2c1bd
33,66eeda2bc7d6e9b92b4a81c0,map,0.9849433898925781,5.340576171875,49.418773849736716,perceptual,336,FullPilot12,66eeda2bc7d6e9b92b4a81c0
34,66eeda2bc7d6e9b92b4a81c0,value,0.99998779296875,0.0,133.77740580946917,perceptual,336,FullPilot12,66eeda2bc7d6e9b92b4a81c0
35,66eeda2bc7d6e9b92b4a81c0,perceptual,0.2860098695382476,18.383479714393616,49.44480622526741,perceptual,336,FullPilot12,66eeda2bc7d6e9b92b4a81c0
36,63626fe174f7db263a4aa8f2,map,0.6087646484375,0.0,97.04060525039215,random,282,FullPilot12,63626fe174f7db263a4aa8f2
37,63626fe174f7db263a4aa8f2,value,0.9988277084426954,351.826350671472,95.50955759098537,random,282,FullPilot12,63626fe174f7db263a4aa8f2
38,63626fe174f7db263a4aa8f2,perceptual,0.227099609375,0.0,97.04060525039215,random,282,FullPilot12,63626fe174f7db263a4aa8f2
39,6167175ed1680ecefc063aed,map,0.8100135803222657,3.72955322265625,50.65459968575063,perceptual,288,FullPilot12,6167175ed1680ecefc063aed
40,6167175ed1680ecefc063aed,value,0.9993288211524486,472.60826110839844,98.88179213402458,perceptual,288,FullPilot12,6167175ed1680ecefc063aed
41,6167175ed1680ecefc063aed,perceptual,0.18040852202102547,15.828924383968115,52.72162018994959,perceptual,288,FullPilot12,6167175ed1680ecefc063aed
42,66bb5ad727c62d0960db333c,map,0.8875564575195312,1.652984619140625,77.86735989021918,perceptual,288,FullPilot12,66bb5ad727c62d0960db333c
43,66bb5ad727c62d0960db333c,value,0.9997608429475804,410.37191581592197,99.72621601734602,perceptual,288,FullPilot12,66bb5ad727c62d0960db333c
44,66bb5ad727c62d0960db333c,perceptual,0.05723872001981367,25.521354470402002,78.09021299135064,perceptual,288,FullPilot12,66bb5ad727c62d0960db333c
45,64db80772c860983ea3a7310,map,0.336962890625,0.0,99.81319397183192,random,287,FullPilot12,64db80772c860983ea3a7310
46,64db80772c860983ea3a7310,value,0.99998779296875,0.0,99.81319397183192,random,287,FullPilot12,64db80772c860983ea3a7310
47,64db80772c860983ea3a7310,perceptual,0.229296875,0.0,99.81319397183192,random,287,FullPilot12,64db80772c860983ea3a7310
48,657b6239aa8091bfa2b24ae0,map,0.9023790779523551,1.3777333870530128,87.7360688709947,perceptual,288,FullPilot12,657b6239aa8091bfa2b24ae0
49,657b6239aa8091bfa2b24ae0,value,0.9994637013762258,241.4301521377638,99.67075269029212,perceptual,288,FullPilot12,657b6239aa8091bfa2b24ae0
50,657b6239aa8091bfa2b24ae0,perceptual,0.09084575385786597,13.667211290448904,87.8655059643283,perceptual,288,FullPilot12,657b6239aa8091bfa2b24ae0
51,66b104dedef80475efe58141,map,0.7003549382090568,1.8703079223632812,79.47511028782962,perceptual,288,FullPilot12,66b104dedef80475efe58141
52,66b104dedef80475efe58141,value,0.9981655001640319,208.3832883834839,98.39244595949319,perceptual,288,FullPilot12,66b104dedef80475efe58141
53,66b104dedef80475efe58141,perceptual,0.04394539594650271,28.5433292388916,81.58324836354318,perceptual,288,FullPilot12,66b104dedef80475efe58141
54,66ba4608bc582e7db54007e5,map,0.9888092041015625,1.91650390625,89.97022221313964,perceptual,314,FullPilot13,66ba4608bc582e7db54007e5
55,66ba4608bc582e7db54007e5,value,0.999713134765625,191.01119995117188,118.48616222294407,perceptual,314,FullPilot13,66ba4608bc582e7db54007e5
56,66ba4608bc582e7db54007e5,perceptual,0.02313482183963067,81.83582991361618,89.97396388572037,perceptual,314,FullPilot13,66ba4608bc582e7db54007e5
57,615e5b5f1e8fbfe2c701bc8e,map,1.9073486334786338e-07,0.791778564453125,95.2621615880456,value,288,FullPilot13,615e5b5f1e8fbfe2c701bc8e
58,615e5b5f1e8fbfe2c701bc8e,value,0.9976867542698528,340.9994547253882,95.26221603575272,value,288,FullPilot13,615e5b5f1e8fbfe2c701bc8e
59,615e5b5f1e8fbfe2c701bc8e,perceptual,0.23369140625,0.0,99.81319397183192,value,288,FullPilot13,615e5b5f1e8fbfe2c701bc8e
60,66c34ed9630786ec5aece5bb,map,0.9999999970197677,0.30896902084350586,98.33113801434817,perceptual,289,FullPilot13,66c34ed9630786ec5aece5bb
61,66c34ed9630786ec5aece5bb,value,0.99998779296875,0.0,99.81319397183192,perceptual,289,FullPilot13,66c34ed9630786ec5aece5bb
62,66c34ed9630786ec5aece5bb,perceptual,0.0069885253906250555,44.2059326171875,98.33113827024202,perceptual,289,FullPilot13,66c34ed9630786ec5aece5bb
63,6609e31201eebc9f6a2de74b,map,0.06967863517347728,5.833585038781166,40.53678190465062,value,287,FullPilot13,6609e31201eebc9f6a2de74b
64,6609e31201eebc9f6a2de74b,value,0.6778031930327415,16.632782518863678,41.23087171799138,value,287,FullPilot13,6609e31201eebc9f6a2de74b
65,6609e31201eebc9f6a2de74b,perceptual,0.029372310638427768,13.588638305664062,97.72630158490833,value,287,FullPilot13,6609e31201eebc9f6a2de74b
66,665ba7a36d036dd09e9081c2,map,0.8926155564491637,4.659441307594534,45.20182459318736,perceptual,288,FullPilot13,665ba7a36d036dd09e9081c2
67,665ba7a36d036dd09e9081c2,value,0.9986831665039062,209.3505859375,99.06585093218996,perceptual,288,FullPilot13,665ba7a36d036dd09e9081c2
68,665ba7a36d036dd09e9081c2,perceptual,0.23214430809020997,17.745838165283203,46.2207489627088,perceptual,288,FullPilot13,665ba7a36d036dd09e9081c2
69,66f3fed9e931683984276fee,map,0.30653076171875004,0.0,99.12004679147198,random,285,FullPilot13,66f3fed9e931683984276fee
70,66f3fed9e931683984276fee,value,0.999842957034707,177.9951238259673,99.11197980784166,random,285,FullPilot13,66f3fed9e931683984276fee
71,66f3fed9e931683984276fee,perceptual,0.22622070312500003,0.0,99.12004679147198,random,285,FullPilot13,66f3fed9e931683984276fee
72,65c23e2e1a96e23b93afdea0,map,2.9802322831784522e-09,6.480324566364288,39.61875564441866,value,287,FullPilot13,65c23e2e1a96e23b93afdea0
73,65c23e2e1a96e23b93afdea0,value,0.6903863072395324,20.936141908168793,39.61875362737058,value,287,FullPilot13,65c23e2e1a96e23b93afdea0
74,65c23e2e1a96e23b93afdea0,perceptual,0.23457031250000004,0.0,99.81319397183192,value,287,FullPilot13,65c23e2e1a96e23b93afdea0
75,66ae3fb9006e6fc44a2b56df,map,0.6553063819936142,4.433884734608,49.37863063856108,combined,288,FullPilot13,66ae3fb9006e6fc44a2b56df
76,66ae3fb9006e6fc44a2b56df,value,0.995292854309082,178.63014221191406,93.21040144734003,combined,288,FullPilot13,66ae3fb9006e6fc44a2b56df
77,66ae3fb9006e6fc44a2b56df,perceptual,0.17652387619018556,13.986730575561523,59.17765408786742,combined,288,FullPilot13,66ae3fb9006e6fc44a2b56df
78,5b6c312fa1fda800015fe165,map,0.34742850475013254,3.48762147128582,60.07374618867248,combined,288,FullPilot13,5b6c312fa1fda800015fe165
79,5b6c312fa1fda800015fe165,value,0.7464799880981445,7.323150634765625,72.8434469639086,combined,288,FullPilot13,5b6c312fa1fda800015fe165
80,5b6c312fa1fda800015fe165,perceptual,0.010822243615984939,72.9324708878994,90.59628543280081,combined,288,FullPilot13,5b6c312fa1fda800015fe165
81,6697dfc91b0e8c6d62d7b472,map,0.6891021728515625,0.841064453125,95.62823036137576,perceptual,288,FullPilot13,6697dfc91b0e8c6d62d7b472
82,6697dfc91b0e8c6d62d7b472,value,0.9992393493652343,385.4388427734375,98.59757071154301,perceptual,288,FullPilot13,6697dfc91b0e8c6d62d7b472
83,6697dfc91b0e8c6d62d7b472,perceptual,0.04148601354099812,14.555921591818333,96.56453541131194,perceptual,288,FullPilot13,6697dfc91b0e8c6d62d7b472
84,66074f7cb655db9adfae591b,map,0.9556760907173156,0.35953521728515625,97.59501873931166,random,288,FullPilot13,66074f7cb655db9adfae591b
85,66074f7cb655db9adfae591b,value,0.99998779296875,0.0,99.81319397183192,random,288,FullPilot13,66074f7cb655db9adfae591b
86,66074f7cb655db9adfae591b,perceptual,0.02621073722839362,13.087005615234375,97.59775565641046,random,288,FullPilot13,66074f7cb655db9adfae591b
87,57027c1f68c641000e0c8970,map,0.9019340835511684,2.3241814970970154,69.20699969600918,perceptual,288,FullPilot13,57027c1f68c641000e0c8970
88,57027c1f68c641000e0c8970,value,0.9995621196925639,443.36764693260193,99.4867061084517,perceptual,288,FullPilot13,57027c1f68c641000e0c8970
89,57027c1f68c641000e0c8970,perceptual,0.07441818714141851,28.07621717453003,69.49250443858219,perceptual,288,FullPilot13,57027c1f68c641000e0c8970
90,655f7e55e36be4f00b49aa5e,map,0.1101707458496094,2.42340087890625,76.02653944447856,value,288,FullPilot13,655f7e55e36be4f00b49aa5e
91,655f7e55e36be4f00b49aa5e,value,0.8549064636230468,14.684371948242188,77.07339226045781,value,288,FullPilot13,655f7e55e36be4f00b49aa5e
92,655f7e55e36be4f00b49aa5e,perceptual,0.0017935777083039617,131.18206238374114,98.69581283216647,value,288,FullPilot13,655f7e55e36be4f00b49aa5e
93,66b274c9c39e8e5057bcfaf6,map,0.404638671875,0.0,97.73375243075209,random,261,FullPilot13,66b274c9c39e8e5057bcfaf6
94,66b274c9c39e8e5057bcfaf6,value,0.99998779296875,0.0,97.73375243075209,random,261,FullPilot13,66b274c9c39e8e5057bcfaf6
95,66b274c9c39e8e5057bcfaf6,perceptual,0.234130859375,0.0,97.73375243075209,random,261,FullPilot13,66b274c9c39e8e5057bcfaf6
96,5d09895e65eb3400189cc207,map,0.7992538720369339,1.0567544400691986,129.8096328727961,perceptual,356,FullPilot13,5d09895e65eb3400189cc207
97,5d09895e65eb3400189cc207,value,0.9994533746816159,344.9769403648679,148.00016888069158,perceptual,356,FullPilot13,5d09895e65eb3400189cc207
98,5d09895e65eb3400189cc207,perceptual,0.04263436906039719,19.725390151143074,130.17845619055439,perceptual,356,FullPilot13,5d09895e65eb3400189cc207
99,60c2a30e24e7f2ce0c8b56ca,map,0.8323199955746532,1.2697145342826843,84.22512890092209,perceptual,285,FullPilot13,60c2a30e24e7f2ce0c8b56ca
100,60c2a30e24e7f2ce0c8b56ca,value,0.9983290038537234,133.2477350148838,98.04398696843195,perceptual,285,FullPilot13,60c2a30e24e7f2ce0c8b56ca
101,60c2a30e24e7f2ce0c8b56ca,perceptual,0.052999782562255904,20.018717050552368,84.51283524069657,perceptual,285,FullPilot13,60c2a30e24e7f2ce0c8b56ca
102,66f73913e3459a85f0574823,map,0.8990491867065429,2.0566797256469727,66.18935369833689,perceptual,287,FullPilot13,66f73913e3459a85f0574823
103,66f73913e3459a85f0574823,value,0.9998500347399385,401.5218457824085,99.08235858772183,perceptual,287,FullPilot13,66f73913e3459a85f0574823
104,66f73913e3459a85f0574823,perceptual,0.12966804504394536,14.17236328125,66.45462088128592,perceptual,287,FullPilot13,66f73913e3459a85f0574823
105,6643670ad062f01ac1c4b788,map,0.0875321301311488,0.10956233483739197,96.94281330002657,random,275,FullPilot13,6643670ad062f01ac1c4b788
106,6643670ad062f01ac1c4b788,value,0.9993617777479812,156.11420979723334,96.93975591170478,random,275,FullPilot13,6643670ad062f01ac1c4b788
107,6643670ad062f01ac1c4b788,perceptual,4.6566195344155403e-11,25.099866073578596,97.04060525058625,random,275,FullPilot13,6643670ad062f01ac1c4b788
108,66d5df2e288343b20df362d4,map,1.2207031250044409e-05,0.108642578125,179.95962161472252,random,450,FullPilot13,66d5df2e288343b20df362d4
109,66d5df2e288343b20df362d4,value,0.9994522094726562,199.37286376953125,179.95959611285463,random,450,FullPilot13,66d5df2e288343b20df362d4
110,66d5df2e288343b20df362d4,perceptual,0.23105468750000002,0.0,180.2182668935854,random,450,FullPilot13,66d5df2e288343b20df362d4
111,60da2baf34bde948982f84db,map,0.8824344575405121,0.8898191154003143,90.90834830313867,perceptual,287,FullPilot12,60da2baf34bde948982f84db
112,60da2baf34bde948982f84db,value,0.9997118473052978,318.49067091941833,99.73133192999111,perceptual,287,FullPilot12,60da2baf34bde948982f84db
113,60da2baf34bde948982f84db,perceptual,0.05120262876152998,15.228287875652313,90.99325925674819,perceptual,287,FullPilot12,60da2baf34bde948982f84db
114,663a623d4ea504f754d08b02,map,0.9999999970197677,4.464188814163208,46.093670973441014,perceptual,288,FullPilot12,663a623d4ea504f754d08b02
115,663a623d4ea504f754d08b02,value,0.70478515625,0.0,99.81319397183192,perceptual,288,FullPilot12,663a623d4ea504f754d08b02
116,663a623d4ea504f754d08b02,perceptual,0.2541538715362549,17.562217712402344,46.09367048674368,perceptual,288,FullPilot12,663a623d4ea504f754d08b02
117,5ac560359534ba0001c74715,map,0.5760308200027794,3.4949585422873497,66.33367995756828,combined,288,FullPilot12,5ac560359534ba0001c74715
118,5ac560359534ba0001c74715,value,0.9969468317925929,296.3983231782913,93.03496502789766,combined,288,FullPilot12,5ac560359534ba0001c74715
119,5ac560359534ba0001c74715,perceptual,0.110340690612793,14.961013793945312,77.42907913795914,combined,288,FullPilot12,5ac560359534ba0001c74715
120,66abc79f0812c1f89a25adfb,map,0.005326166003942534,23.52380782365799,7.291962459727918,value,288,FullPilot13,66abc79f0812c1f89a25adfb
121,66abc79f0812c1f89a25adfb,value,0.06932646008208398,25.004998072981834,7.3066644758776285,value,288,FullPilot13,66abc79f0812c1f89a25adfb
122,66abc79f0812c1f89a25adfb,perceptual,0.0003417968750000222,41.181640625,99.81030769159729,value,288,FullPilot13,66abc79f0812c1f89a25adfb
123,63254db937c17e8e9200fd54,map,0.7701777607202529,3.75384122133255,51.77335950726284,combined,288,FullPilot13,63254db937c17e8e9200fd54
124,63254db937c17e8e9200fd54,value,0.9980338841676711,267.16559052467346,96.7253376104038,combined,288,FullPilot13,63254db937c17e8e9200fd54
125,63254db937c17e8e9200fd54,perceptual,0.21399326324462892,12.7239990234375,55.51847534549976,combined,288,FullPilot13,63254db937c17e8e9200fd54
126,665c4e3dc160ab38d079635a,map,0.38650698419660334,0.349084734916687,99.11946106582018,random,287,FullPilot12,665c4e3dc160ab38d079635a
127,665c4e3dc160ab38d079635a,value,0.999053955078125,229.437255859375,99.37496606312835,random,287,FullPilot12,665c4e3dc160ab38d079635a
128,665c4e3dc160ab38d079635a,perceptual,0.00045806895941502557,299.40572015941143,99.54662094955745,random,287,FullPilot12,665c4e3dc160ab38d079635a
129,663eea8e72f4269ddd149eba,map,0.9999999986961483,0.4747694730758667,96.33153989501012,perceptual,300,FullPilot12,663eea8e72f4269ddd149eba
130,663eea8e72f4269ddd149eba,value,0.99998779296875,0.0,99.81319397183192,perceptual,300,FullPilot12,663eea8e72f4269ddd149eba
131,663eea8e72f4269ddd149eba,perceptual,0.062077477574348505,7.608309984207153,96.33146654353119,perceptual,300,FullPilot12,663eea8e72f4269ddd149eba
132,5d44afdcad6d110019b0a960,map,0.9291152226003759,3.180010162468534,60.271583273074526,perceptual,288,FullPilot12,5d44afdcad6d110019b0a960
133,5d44afdcad6d110019b0a960,value,0.9993560791015624,216.015625,99.64079970632434,perceptual,288,FullPilot12,5d44afdcad6d110019b0a960
134,5d44afdcad6d110019b0a960,perceptual,0.14550541817443446,20.2187902899459,60.51833548935467,perceptual,288,FullPilot12,5d44afdcad6d110019b0a960
135,66acee53fddf185342f15a88,map,0.6324939151963918,3.4466663317289203,54.95757267927342,combined,288,FullPilot12,66acee53fddf185342f15a88
136,66acee53fddf185342f15a88,value,0.9975721418857574,206.53381824493408,97.67918719820698,combined,288,FullPilot12,66acee53fddf185342f15a88
137,66acee53fddf185342f15a88,perceptual,0.15798788070678715,11.949653625488281,61.59036476660318,combined,288,FullPilot12,66acee53fddf185342f15a88
138,660c9c26e4220931438f3d30,map,0.6711530178785324,5.088036060333252,44.17521894309703,combined,288,FullPilot12,660c9c26e4220931438f3d30
139,660c9c26e4220931438f3d30,value,0.9970489501953125,183.53683471679688,97.10416336103147,combined,288,FullPilot12,660c9c26e4220931438f3d30
140,660c9c26e4220931438f3d30,perceptual,0.24862986374646429,11.074840277433395,53.62294047486065,combined,288,FullPilot12,660c9c26e4220931438f3d30
141,559c3a4dfdf99b32b6963e70,map,0.09263725280761725,4.2658233642578125,46.14996647983771,combined,288,FullPilot13,559c3a4dfdf99b32b6963e70
142,559c3a4dfdf99b32b6963e70,value,0.5948079884052276,9.402018785476685,46.76874903199895,combined,288,FullPilot13,559c3a4dfdf99b32b6963e70
143,559c3a4dfdf99b32b6963e70,perceptual,0.00337712541222579,38.83965402841568,99.62126194508477,combined,288,FullPilot13,559c3a4dfdf99b32b6963e70
144,669f45c902420af78b04a9b1,map,0.06474914550781252,2.00653076171875,75.33110855372952,value,287,FullPilot12,669f45c902420af78b04a9b1
145,669f45c902420af78b04a9b1,value,0.798908644914627,9.35118556022644,75.53741795946488,value,287,FullPilot12,669f45c902420af78b04a9b1
146,669f45c902420af78b04a9b1,perceptual,0.0008482985198497994,190.16508549451828,99.34426448512987,value,287,FullPilot12,669f45c902420af78b04a9b1
147,66f2f743ac55ce843124f2bf,map,0.30125732421875,0.0,99.81319397183192,random,312,FullPilot13,66f2f743ac55ce843124f2bf
148,66f2f743ac55ce843124f2bf,value,0.99998779296875,0.0,99.81319397183192,random,312,FullPilot13,66f2f743ac55ce843124f2bf
149,66f2f743ac55ce843124f2bf,perceptual,0.0005546418949962106,223.5764708928764,99.68118173652178,random,312,FullPilot13,66f2f743ac55ce843124f2bf
150,5e8fe87009881f2ee83521fb,map,0.8874080643057822,6.355019807815552,37.16765542404659,perceptual,287,FullPilot13,5e8fe87009881f2ee83521fb
151,5e8fe87009881f2ee83521fb,value,0.9904477542731911,26.686532385647297,98.99896411550279,perceptual,287,FullPilot13,5e8fe87009881f2ee83521fb
152,5e8fe87009881f2ee83521fb,perceptual,0.566426656395197,9.536583125591278,39.223053259991936,perceptual,287,FullPilot13,5e8fe87009881f2ee83521fb
153,6020606d7b0258677b881f63,map,0.05444602966308598,4.7464752197265625,54.558032594278764,value,288,FullPilot13,6020606d7b0258677b881f63
154,6020606d7b0258677b881f63,value,0.598876953125,11.033935546875,54.917139088857844,value,288,FullPilot13,6020606d7b0258677b881f63
155,6020606d7b0258677b881f63,perceptual,0.0003417968750000222,170.76171875,99.77825251335997,value,288,FullPilot13,6020606d7b0258677b881f63
156,6646aa536ff16adfd7903930,map,0.9088026508688927,4.035949558019638,50.245488635063495,perceptual,288,FullPilot13,6646aa536ff16adfd7903930
157,6646aa536ff16adfd7903930,value,0.9977321624755859,151.8990707397461,98.55293127924122,perceptual,288,FullPilot13,6646aa536ff16adfd7903930
158,6646aa536ff16adfd7903930,perceptual,0.4410240173339844,8.31918716430664,50.866499224348395,perceptual,288,FullPilot13,6646aa536ff16adfd7903930
159,667ac1826ce22f03fab354c3,map,0.7133518860508048,0.1994275298784487,99.5607348387582,random,287,FullPilot13,667ac1826ce22f03fab354c3
160,667ac1826ce22f03fab354c3,value,0.9998786906595342,358.0938748130575,99.79573899216106,random,287,FullPilot13,667ac1826ce22f03fab354c3
161,667ac1826ce22f03fab354c3,perceptual,0.0003419041633606623,426.7153477668762,99.57732232050257,random,287,FullPilot13,667ac1826ce22f03fab354c3
162,6637f4d0a76556e2a39063f4,map,0.9999999999534338,2.7303460985422134,48.05391160554682,perceptual,277,FullPilot13,6637f4d0a76556e2a39063f4
163,6637f4d0a76556e2a39063f4,value,0.99998779296875,0.0,92.88172216823249,perceptual,277,FullPilot13,6637f4d0a76556e2a39063f4
164,6637f4d0a76556e2a39063f4,perceptual,0.3949784301919863,6.90835592802614,48.05392029228389,perceptual,277,FullPilot13,6637f4d0a76556e2a39063f4
165,63b18d94775ad4aad221103c,map,2.9802322831784522e-09,6.369878053665161,30.44302474581704,value,280,FullPilot13,63b18d94775ad4aad221103c
166,63b18d94775ad4aad221103c,value,0.5624950408935547,14.55465316772461,30.44302291105773,value,280,FullPilot13,63b18d94775ad4aad221103c
167,63b18d94775ad4aad221103c,perceptual,0.0003417968750000222,151.0546875,96.31863764888217,value,280,FullPilot13,63b18d94775ad4aad221103c
168,66ad3db205eb0c54c153a291,map,0.11030120849609376,3.3465576171875,64.71304520975336,combined,288,FullPilot13,66ad3db205eb0c54c153a291
169,66ad3db205eb0c54c153a291,value,0.7751100229099392,12.849685922265053,66.30634773420898,combined,288,FullPilot13,66ad3db205eb0c54c153a291
170,66ad3db205eb0c54c153a291,perceptual,0.0009529650211334562,215.94082117080688,98.94534720059339,combined,288,FullPilot13,66ad3db205eb0c54c153a291
171,62b4ef82055cec7135502ada,map,0.33729248046875004,0.0,98.42689961111203,random,285,FullPilot12,62b4ef82055cec7135502ada
172,62b4ef82055cec7135502ada,value,0.99998779296875,0.0,98.42689961111203,random,285,FullPilot12,62b4ef82055cec7135502ada
173,62b4ef82055cec7135502ada,perceptual,0.231494140625,0.0,98.42689961111203,random,285,FullPilot12,62b4ef82055cec7135502ada
174,58c42d725866f200017c5deb,map,0.878256615925784,3.3471079255104996,55.53880375639051,perceptual,287,FullPilot12,58c42d725866f200017c5deb
175,58c42d725866f200017c5deb,value,0.9975570678710937,34.25933837890625,99.74928951458227,perceptual,287,FullPilot12,58c42d725866f200017c5deb
176,58c42d725866f200017c5deb,perceptual,0.31773681640625,9.0234375,56.24208151933942,perceptual,287,FullPilot12,58c42d725866f200017c5deb
177,5e2b3e22a8f85318c2429121,map,0.5214666843414306,1.0619163513183594,94.81555407840497,random,288,FullPilot12,5e2b3e22a8f85318c2429121
178,5e2b3e22a8f85318c2429121,value,0.998699184320867,357.01764687895775,97.85907500874376,random,288,FullPilot12,5e2b3e22a8f85318c2429121
179,5e2b3e22a8f85318c2429121,perceptual,0.0785817533731461,6.561006605625153,97.075509934128,random,288,FullPilot12,5e2b3e22a8f85318c2429121
180,65e0ef2a74037d1530a40cca,map,0.36603325195610525,2.9878901690244675,72.13087370936081,combined,288,FullPilot12,65e0ef2a74037d1530a40cca
181,65e0ef2a74037d1530a40cca,value,0.7189661026000976,5.1990509033203125,83.76409266721791,combined,288,FullPilot12,65e0ef2a74037d1530a40cca
182,65e0ef2a74037d1530a40cca,perceptual,0.08083510398864752,8.45571517944336,93.16887986227106,combined,288,FullPilot12,65e0ef2a74037d1530a40cca
183,65d54b3b524fcafb543d1b23,map,0.982614791918806,0.06465880192422446,99.77084552465479,random,288,FullPilot13,65d54b3b524fcafb543d1b23
184,65d54b3b524fcafb543d1b23,value,0.99998779296875,0.0,99.81319397183192,random,288,FullPilot13,65d54b3b524fcafb543d1b23
185,65d54b3b524fcafb543d1b23,perceptual,0.0003413677215576838,189.7916603088379,99.76963585802213,random,288,FullPilot13,65d54b3b524fcafb543d1b23
186,5e65c5b41e30883349a25a61,map,0.192218017578125,5.390625,51.31252194108311,value,287,FullPilot13,5e65c5b41e30883349a25a61
187,5e65c5b41e30883349a25a61,value,0.8147677421569823,20.745162963867188,58.085575198368545,value,287,FullPilot13,5e65c5b41e30883349a25a61
188,5e65c5b41e30883349a25a61,perceptual,0.03362350463867192,16.47613525390625,95.34116131641372,value,287,FullPilot13,5e65c5b41e30883349a25a61
189,5a4245ef7aebf70001152ee6,map,0.7019012451171875,0.4034423828125,145.93939536559492,random,356,FullPilot13,5a4245ef7aebf70001152ee6
190,5a4245ef7aebf70001152ee6,value,0.9996856689453124,319.93896484375,148.09199950075148,random,356,FullPilot13,5a4245ef7aebf70001152ee6
191,5a4245ef7aebf70001152ee6,perceptual,0.02718276977539069,10.172119140625,146.2761286762447,random,356,FullPilot13,5a4245ef7aebf70001152ee6
192,6646731363eb9f583aa62e05,map,1.2207031250044409e-05,1.619873046875,79.81471874847809,value,288,FullPilot12,6646731363eb9f583aa62e05
193,6646731363eb9f583aa62e05,value,0.7832275390625,7.47161865234375,79.81470731982128,value,288,FullPilot12,6646731363eb9f583aa62e05
194,6646731363eb9f583aa62e05,perceptual,0.2275390625,0.0,99.81319397183192,value,288,FullPilot12,6646731363eb9f583aa62e05
195,660ea6b5ee7b4979153dc5b8,map,0.9999998092651367,1.7603302001953125,75.80399079175464,perceptual,288,FullPilot13,660ea6b5ee7b4979153dc5b8
196,660ea6b5ee7b4979153dc5b8,value,0.99998779296875,0.0,99.81319397183192,perceptual,288,FullPilot13,660ea6b5ee7b4979153dc5b8
197,660ea6b5ee7b4979153dc5b8,perceptual,0.06005319934338338,29.30333212018013,75.80399406335229,perceptual,288,FullPilot13,660ea6b5ee7b4979153dc5b8
198,664a7e1665f30b00d2685ba3,map,0.7137331597507,1.269725263118744,90.31908646274174,perceptual,287,FullPilot12,664a7e1665f30b00d2685ba3
199,664a7e1665f30b00d2685ba3,value,0.9994995236396789,444.2291831970215,99.33698144751168,perceptual,287,FullPilot12,664a7e1665f30b00d2685ba3
200,664a7e1665f30b00d2685ba3,perceptual,0.10415573120117194,8.28369140625,91.41962274958172,perceptual,287,FullPilot12,664a7e1665f30b00d2685ba3
201,66e7d7caa4a0195186f6692f,map,0.41539327390491965,0.32385004684329033,98.50745350272297,random,283,FullPilot13,66e7d7caa4a0195186f6692f
202,66e7d7caa4a0195186f6692f,value,0.9995620727539062,420.96284210681915,98.81992322975934,random,283,FullPilot13,66e7d7caa4a0195186f6692f
203,66e7d7caa4a0195186f6692f,perceptual,0.00041593313217169747,313.753924369812,98.82291901067262,random,283,FullPilot13,66e7d7caa4a0195186f6692f
204,66463a2c0a36377060b1910c,map,0.7340705871582032,4.03045654296875,41.29528872459245,perceptual,288,FullPilot12,66463a2c0a36377060b1910c
205,66463a2c0a36377060b1910c,value,0.9985836029052734,315.00038146972656,98.09632812066532,perceptual,288,FullPilot12,66463a2c0a36377060b1910c
206,66463a2c0a36377060b1910c,perceptual,0.32973766326904297,8.137531280517578,44.63381044035759,perceptual,288,FullPilot12,66463a2c0a36377060b1910c
207,6087ee3e8df094dc6dd69e8e,map,0.9999998092651367,0.393829345703125,97.70241435057282,perceptual,288,FullPilot12,6087ee3e8df094dc6dd69e8e
208,6087ee3e8df094dc6dd69e8e,value,0.99998779296875,0.0,99.81319397183192,perceptual,288,FullPilot12,6087ee3e8df094dc6dd69e8e
209,6087ee3e8df094dc6dd69e8e,perceptual,0.029043579101562522,13.448486328125,97.7025003601166,perceptual,288,FullPilot12,6087ee3e8df094dc6dd69e8e
210,5a580fb6eedc320001426cd7,map,0.9052041129209101,5.430599898099899,34.558488961327136,perceptual,287,FullPilot12,5a580fb6eedc320001426cd7
211,5a580fb6eedc320001426cd7,value,0.9994987726211547,390.9889429807663,98.7704460475181,perceptual,287,FullPilot12,5a580fb6eedc320001426cd7
212,5a580fb6eedc320001426cd7,perceptual,0.5199809551239014,9.377994537353516,35.23564218127788,perceptual,287,FullPilot12,5a580fb6eedc320001426cd7
213,66fd855cf4cfd7ee139e35fd,map,1.9073486334786338e-07,4.679450988769531,43.98223108028195,value,288,FullPilot13,66fd855cf4cfd7ee139e35fd
214,66fd855cf4cfd7ee139e35fd,value,0.6876516342163086,14.953536987304688,43.98214232909789,value,288,FullPilot13,66fd855cf4cfd7ee139e35fd
215,66fd855cf4cfd7ee139e35fd,perceptual,0.0003417968750000222,121.630859375,99.79954494865044,value,288,FullPilot13,66fd855cf4cfd7ee139e35fd
216,650dcec4d9e0685d5035c13e,map,0.999994659423828,1.19232177734375,84.44664440342679,perceptual,288,FullPilot13,650dcec4d9e0685d5035c13e
217,650dcec4d9e0685d5035c13e,value,0.99998779296875,0.0,99.81319397183192,perceptual,288,FullPilot13,650dcec4d9e0685d5035c13e
218,650dcec4d9e0685d5035c13e,perceptual,0.08234589844942097,14.474944174289703,84.44663213729865,perceptual,288,FullPilot13,650dcec4d9e0685d5035c13e
219,59daff10e776fd00015ec7ec,map,0.5091285228729248,0.8830070495605469,94.34466200366077,perceptual,287,FullPilot13,59daff10e776fd00015ec7ec
220,59daff10e776fd00015ec7ec,value,0.9978746313601732,204.94996778666973,98.23557682303871,perceptual,287,FullPilot13,59daff10e776fd00015ec7ec
221,59daff10e776fd00015ec7ec,perceptual,0.08797686602920296,5.1207538694143295,95.82485501826385,perceptual,287,FullPilot13,59daff10e776fd00015ec7ec
222,66f09b3690fe3df51613a689,map,0.4636581415310502,4.943023845553398,50.0764284235302,combined,288,FullPilot12,66f09b3690fe3df51613a689
223,66f09b3690fe3df51613a689,value,0.8457998543977737,10.281609296798706,81.65723295781284,combined,288,FullPilot12,66f09b3690fe3df51613a689
224,66f09b3690fe3df51613a689,perceptual,0.05456361770629886,26.211509704589844,76.88029204193637,combined,288,FullPilot12,66f09b3690fe3df51613a689
225,5d012b5ffade220017b10010,map,0.6199695397168398,5.497428327798843,50.87816480806126,combined,288,FullPilot12,5d012b5ffade220017b10010
226,5d012b5ffade220017b10010,value,0.9172581337392329,16.15486018359661,85.99544559492618,combined,288,FullPilot12,5d012b5ffade220017b10010
227,5d012b5ffade220017b10010,perceptual,0.19502038955688478,13.682422637939453,67.55491601943685,combined,288,FullPilot12,5d012b5ffade220017b10010
228,664218e510e790cd8414d32c,map,0.8726996749639511,2.3033607006073,69.95991911175983,perceptual,288,FullPilot13,664218e510e790cd8414d32c
229,664218e510e790cd8414d32c,value,0.9994247436523437,374.47951793670654,99.32951904301049,perceptual,288,FullPilot13,664218e510e790cd8414d32c
230,664218e510e790cd8414d32c,perceptual,0.059659244865179095,33.38665954768658,70.51694612967563,perceptual,288,FullPilot13,664218e510e790cd8414d32c
231,57bb618b8e26d6000196c3bb,map,0.8333197141502751,4.052743599750102,38.756165692643116,perceptual,286,FullPilot13,57bb618b8e26d6000196c3bb
232,57bb618b8e26d6000196c3bb,value,0.9995327369309961,498.38351426646113,99.26556532458002,perceptual,286,FullPilot13,57bb618b8e26d6000196c3bb
233,57bb618b8e26d6000196c3bb,perceptual,0.35949859619140623,9.129195213317871,40.387621360561496,perceptual,286,FullPilot13,57bb618b8e26d6000196c3bb
234,65fb2b6d968812efd360f8f7,map,0.18321684598922733,7.1736907958984375,38.64484252265386,combined,288,FullPilot13,65fb2b6d968812efd360f8f7
235,65fb2b6d968812efd360f8f7,value,0.3460197448730469,7.3614501953125,46.13390505573951,combined,288,FullPilot13,65fb2b6d968812efd360f8f7
236,65fb2b6d968812efd360f8f7,perceptual,0.04739761352539068,8.33984375,97.61532749230891,combined,288,FullPilot13,65fb2b6d968812efd360f8f7
237,66feef40402fdd04d44aa7e0,map,0.4923443853855133,2.607724666595459,74.83000787328874,combined,287,FullPilot13,66feef40402fdd04d44aa7e0
238,66feef40402fdd04d44aa7e0,value,0.9944922685623169,194.78096723556519,91.42365360037265,combined,287,FullPilot13,66feef40402fdd04d44aa7e0
239,66feef40402fdd04d44aa7e0,perceptual,0.05916227344423536,19.349311143159866,83.59577012067368,combined,287,FullPilot13,66feef40402fdd04d44aa7e0
240,5aef9ea244c9bc0001f4cf78,map,0.34667937105405144,4.248657963471487,56.53249470344593,combined,288,FullPilot13,5aef9ea244c9bc0001f4cf78
241,5aef9ea244c9bc0001f4cf78,value,0.8481172561645507,13.420639038085938,74.15076734757278,combined,288,FullPilot13,5aef9ea244c9bc0001f4cf78
242,5aef9ea244c9bc0001f4cf78,perceptual,0.04959745407104499,18.07567596435547,87.75619293476142,combined,288,FullPilot13,5aef9ea244c9bc0001f4cf78
243,61363ce02e6022a741d63a6e,map,0.16293261349201205,1.1485064029693604,91.59955310333255,value,288,FullPilot12,61363ce02e6022a741d63a6e
244,61363ce02e6022a741d63a6e,value,0.9357265442609787,14.868751764297485,92.0218702749551,value,288,FullPilot12,61363ce02e6022a741d63a6e
245,61363ce02e6022a741d63a6e,perceptual,0.0006216049194336382,273.357195854187,99.41782808356977,value,288,FullPilot12,61363ce02e6022a741d63a6e
246,632fc453431e3369da22be81,map,0.9999998092651367,0.3814697265625,97.16018785892922,perceptual,287,FullPilot12,632fc453431e3369da22be81
247,632fc453431e3369da22be81,value,0.99998779296875,0.0,99.81319397183192,perceptual,287,FullPilot12,632fc453431e3369da22be81
248,632fc453431e3369da22be81,perceptual,0.0255674630403519,14.919193983078003,97.16018776301621,perceptual,287,FullPilot12,632fc453431e3369da22be81
249,5d773df22fa4bf001a045aa9,map,0.6238885521888733,1.4227652549743652,87.2331024441905,combined,287,FullPilot12,5d773df22fa4bf001a045aa9
250,5d773df22fa4bf001a045aa9,value,0.9959455464035272,127.56527334451675,97.36807133817585,combined,287,FullPilot12,5d773df22fa4bf001a045aa9
251,5d773df22fa4bf001a045aa9,perceptual,0.03772964477539065,23.204421997070312,89.49226332895125,combined,287,FullPilot12,5d773df22fa4bf001a045aa9
252,5a9416ba6475f900019fa690,map,0.9934355025179684,4.550505615770817,39.310925278552226,perceptual,288,FullPilot12,5a9416ba6475f900019fa690
253,5a9416ba6475f900019fa690,value,0.99998779296875,0.0,99.81319397183192,perceptual,288,FullPilot12,5a9416ba6475f900019fa690
254,5a9416ba6475f900019fa690,perceptual,0.3182372093200684,14.190216064453125,39.31357061374141,perceptual,288,FullPilot12,5a9416ba6475f900019fa690
255,5fd7782dee03dc08d3f3f491,map,0.187669849395752,11.755341291427612,22.47640980141092,combined,288,FullPilot13,5fd7782dee03dc08d3f3f491
256,5fd7782dee03dc08d3f3f491,value,0.3076797676738352,9.369093999266624,33.79399275283591,combined,288,FullPilot13,5fd7782dee03dc08d3f3f491
257,5fd7782dee03dc08d3f3f491,perceptual,0.05052313804626468,7.6470184326171875,97.65250934095224,combined,288,FullPilot13,5fd7782dee03dc08d3f3f491
258,5484a2b2fdf99b07b28f2335,map,0.7016866683959961,3.2500457763671875,55.11163527721362,perceptual,288,FullPilot13,5484a2b2fdf99b07b28f2335
259,5484a2b2fdf99b07b28f2335,value,0.9986418970511295,272.26671083830297,98.71419216577229,perceptual,288,FullPilot13,5484a2b2fdf99b07b28f2335
260,5484a2b2fdf99b07b28f2335,perceptual,0.21244497569277887,9.707034844905138,58.729718744569546,perceptual,288,FullPilot13,5484a2b2fdf99b07b28f2335
261,58e558cc728bea0001bbda24,map,0.9622141763567924,4.867159724235535,39.44515157334355,perceptual,287,FullPilot13,58e558cc728bea0001bbda24
262,58e558cc728bea0001bbda24,value,0.9989890669938176,178.46537804231048,99.49844970175648,perceptual,287,FullPilot13,58e558cc728bea0001bbda24
263,58e558cc728bea0001bbda24,perceptual,0.2535323148593307,18.514338806271553,39.55843176217073,perceptual,287,FullPilot13,58e558cc728bea0001bbda24
264,66f3ce30fcb5b781b42e3ec4,map,0.7207046052906663,0.34238606691360474,98.957319502969,random,288,FullPilot13,66f3ce30fcb5b781b42e3ec4
265,66f3ce30fcb5b781b42e3ec4,value,0.9997176539211068,331.74200906418264,99.74793021099929,random,288,FullPilot13,66f3ce30fcb5b781b42e3ec4
266,66f3ce30fcb5b781b42e3ec4,perceptual,0.0019926697015762995,123.51670622825623,99.0231632738746,random,288,FullPilot13,66f3ce30fcb5b781b42e3ec4
267,66f636a15a0ec8d9ef572bae,map,0.99998779296875,0.9716796875,83.32461417578308,perceptual,316,FullPilot13,66f636a15a0ec8d9ef572bae
268,66f636a15a0ec8d9ef572bae,value,0.99998779296875,0.0,97.73375243075209,perceptual,316,FullPilot13,66f636a15a0ec8d9ef572bae
269,66f636a15a0ec8d9ef572bae,perceptual,0.027900716662406955,34.886683225631714,83.32454757567378,perceptual,316,FullPilot13,66f636a15a0ec8d9ef572bae
270,5de7ccc24b7cf973d7b05bfb,map,0.1824087550863624,1.9460420310497284,80.08248762151571,value,288,FullPilot13,5de7ccc24b7cf973d7b05bfb
271,5de7ccc24b7cf973d7b05bfb,value,0.8443108797073364,9.90236759185791,81.07027121141395,value,288,FullPilot13,5de7ccc24b7cf973d7b05bfb
272,5de7ccc24b7cf973d7b05bfb,perceptual,0.0009095937013626765,204.15724754333496,99.44096508174385,value,288,FullPilot13,5de7ccc24b7cf973d7b05bfb
273,58c1ce3c3783090001b49355,map,0.23072509765625004,1.9293212890625,85.91974436721767,combined,324,FullPilot13,58c1ce3c3783090001b49355
274,58c1ce3c3783090001b49355,value,0.8048019140958786,7.572250515222549,88.50788440089966,combined,324,FullPilot13,58c1ce3c3783090001b49355
275,58c1ce3c3783090001b49355,perceptual,0.06839796900749212,6.283457279205322,96.96888130460493,combined,324,FullPilot13,58c1ce3c3783090001b49355
276,6699628702676370f9e96d92,map,0.3681640625,4.88372802734375,53.09563299276789,combined,288,FullPilot13,6699628702676370f9e96d92
277,6699628702676370f9e96d92,value,0.8418112687766552,12.864945903420448,75.6125610710668,combined,288,FullPilot13,6699628702676370f9e96d92
278,6699628702676370f9e96d92,perceptual,0.0575223670806736,17.74503156542778,85.69199068619149,combined,288,FullPilot13,6699628702676370f9e96d92
279,66d9e6817a3bfbc48269c66d,map,0.0988204956054688,0.61309814453125,96.56867574082641,value,291,FullPilot13,66d9e6817a3bfbc48269c66d
280,66d9e6817a3bfbc48269c66d,value,0.997670597396791,238.07366222143173,96.61621157396509,value,291,FullPilot13,66d9e6817a3bfbc48269c66d
281,66d9e6817a3bfbc48269c66d,perceptual,0.0003417968750000222,245.16948699951172,99.71771406251312,value,291,FullPilot13,66d9e6817a3bfbc48269c66d
282,5ecc6fb87c7c7646490f3cf8,map,0.11393769886344673,7.279457896947861,46.70943551820178,combined,287,FullPilot13,5ecc6fb87c7c7646490f3cf8
283,5ecc6fb87c7c7646490f3cf8,value,0.46670480743050574,10.014890134334564,53.26683110218889,combined,287,FullPilot13,5ecc6fb87c7c7646490f3cf8
284,5ecc6fb87c7c7646490f3cf8,perceptual,0.0014114752411842901,161.7627988755703,98.45583849514139,combined,287,FullPilot13,5ecc6fb87c7c7646490f3cf8
285,66ff98ad62f57f7204a560f7,map,0.01062431335449221,9.998397827148438,15.964649255532573,value,287,FullPilot13,66ff98ad62f57f7204a560f7
286,66ff98ad62f57f7204a560f7,value,0.767824900150299,42.617381513118744,15.979417793310965,value,287,FullPilot13,66ff98ad62f57f7204a560f7
287,66ff98ad62f57f7204a560f7,perceptual,0.0004173278808594083,301.34796142578125,99.62397516494553,value,287,FullPilot13,66ff98ad62f57f7204a560f7
288,66c7abc47de7196e9cac1014,map,0.11020101625472312,9.5943502523005,28.73085762550523,value,307,FullPilot13,66c7abc47de7196e9cac1014
289,66c7abc47de7196e9cac1014,value,0.6322354525327682,20.812335535883904,32.71488257453341,value,307,FullPilot13,66c7abc47de7196e9cac1014
290,66c7abc47de7196e9cac1014,perceptual,0.04795389529317623,6.049749255180359,98.45902467217788,value,307,FullPilot13,66c7abc47de7196e9cac1014
291,66e58e209ba96e130b779a3a,map,0.5331375122070312,0.616455078125,97.7470518623194,perceptual,301,FullPilot13,66e58e209ba96e130b779a3a
292,66e58e209ba96e130b779a3a,value,0.9961016258224844,74.12237957119942,98.97765642708411,perceptual,301,FullPilot13,66e58e209ba96e130b779a3a
293,66e58e209ba96e130b779a3a,perceptual,0.05351562500000007,6.143798828125,98.55711876813861,perceptual,301,FullPilot13,66e58e209ba96e130b779a3a
294,66ff23b19b9e211878a17f7c,map,0.3013671875,0.0,99.81319397183192,random,288,FullPilot13,66ff23b19b9e211878a17f7c
295,66ff23b19b9e211878a17f7c,value,0.99998779296875,0.0,99.81319397183192,random,288,FullPilot13,66ff23b19b9e211878a17f7c
296,66ff23b19b9e211878a17f7c,perceptual,0.23369140625,0.0,99.81319397183192,random,288,FullPilot13,66ff23b19b9e211878a17f7c
297,65c140b80efce0ed096216e3,map,0.9999999986961483,0.2525368332862854,97.16066202487005,random,298,FullPilot13,65c140b80efce0ed096216e3
298,65c140b80efce0ed096216e3,value,0.99998779296875,0.0,98.42689961111203,random,298,FullPilot13,65c140b80efce0ed096216e3
299,65c140b80efce0ed096216e3,perceptual,0.0016399992822698772,150.26011865622422,97.16123041130976,random,298,FullPilot13,65c140b80efce0ed096216e3
300,669628f0762cf2bfc381c161,map,0.9999999999534338,2.9628247395157814,52.88055175823829,perceptual,288,FullPilot12,669628f0762cf2bfc381c161
301,669628f0762cf2bfc381c161,value,0.99998779296875,0.0,99.81319397183192,perceptual,288,FullPilot12,669628f0762cf2bfc381c161
302,669628f0762cf2bfc381c161,perceptual,0.1732240751385689,17.104612588882446,52.88055196864773,perceptual,288,FullPilot12,669628f0762cf2bfc381c161
303,66d9b86591a5610c3492d5d9,map,0.596405029296875,2.3828125,74.41855845411392,combined,288,FullPilot12,66d9b86591a5610c3492d5d9
304,66d9b86591a5610c3492d5d9,value,0.9985972821712493,467.9797512292862,96.02973956026085,combined,288,FullPilot12,66d9b86591a5610c3492d5d9
305,66d9b86591a5610c3492d5d9,perceptual,0.09013786315917971,14.283447265625,80.07918484641338,combined,288,FullPilot12,66d9b86591a5610c3492d5d9
306,5484d361fdf99b0379939d5b,map,0.457323881983757,5.835325717926025,45.70511631528605,combined,287,FullPilot12,5484d361fdf99b0379939d5b
307,5484d361fdf99b0379939d5b,value,0.8855936169624328,13.75866174697876,82.4600324157753,combined,287,FullPilot12,5484d361fdf99b0379939d5b
308,5484d361fdf99b0379939d5b,perceptual,0.018936157226562556,80.71769714355469,74.61728784226652,combined,287,FullPilot12,5484d361fdf99b0379939d5b
309,66fc60b6f59bcb7d6dba7d4f,map,0.9999999970197677,1.2492835521697998,84.6909913803364,perceptual,288,FullPilot12,66fc60b6f59bcb7d6dba7d4f
310,66fc60b6f59bcb7d6dba7d4f,value,0.99998779296875,0.0,99.81319397183192,perceptual,288,FullPilot12,66fc60b6f59bcb7d6dba7d4f
311,66fc60b6f59bcb7d6dba7d4f,perceptual,0.06924163103103642,17.976317405700684,84.69083454495069,perceptual,288,FullPilot12,66fc60b6f59bcb7d6dba7d4f
312,5eea537ffd89d01283ffac22,map,0.31255264282226564,3.30535888671875,69.90223716483365,combined,288,FullPilot13,5eea537ffd89d01283ffac22
313,5eea537ffd89d01283ffac22,value,0.6210861600935459,5.453750118613243,74.83935834015915,combined,288,FullPilot13,5eea537ffd89d01283ffac22
314,5eea537ffd89d01283ffac22,perceptual,0.1632943563163281,3.7686702609062195,97.01313761520585,combined,288,FullPilot13,5eea537ffd89d01283ffac22
315,5d9cb58ee8783f0019c8bd06,map,0.9166839599609374,2.3974609375,59.61177476786289,perceptual,288,FullPilot12,5d9cb58ee8783f0019c8bd06
316,5d9cb58ee8783f0019c8bd06,value,0.9996945077669807,400.4701681213919,99.67690529767563,perceptual,288,FullPilot12,5d9cb58ee8783f0019c8bd06
317,5d9cb58ee8783f0019c8bd06,perceptual,0.03475710675120358,62.68195778131485,59.799064976519375,perceptual,288,FullPilot12,5d9cb58ee8783f0019c8bd06
318,66ff78d78ef858fc026f7718,map,0.20546441692858936,6.794253289699554,38.31016652726995,combined,288,FullPilot13,66ff78d78ef858fc026f7718
319,66ff78d78ef858fc026f7718,value,0.659059715270996,13.439083099365234,47.04303013049548,combined,288,FullPilot13,66ff78d78ef858fc026f7718
320,66ff78d78ef858fc026f7718,perceptual,0.02888307571411136,16.20952606201172,96.57746714128557,combined,288,FullPilot13,66ff78d78ef858fc026f7718
321,6150fb8383f88eae3e5c795a,map,0.8996768303215503,0.7896681129932404,93.36818438728528,perceptual,287,FullPilot12,6150fb8383f88eae3e5c795a
322,6150fb8383f88eae3e5c795a,value,0.9999551773071289,419.7233581542969,99.80993281962029,perceptual,287,FullPilot12,6150fb8383f88eae3e5c795a
323,6150fb8383f88eae3e5c795a,perceptual,0.13349523544311526,5.289649963378906,93.42188824011528,perceptual,287,FullPilot12,6150fb8383f88eae3e5c795a
324,66e45c30d5be0907ea25a45b,map,0.68775634765625,0.0,99.12004679147198,random,287,FullPilot13,66e45c30d5be0907ea25a45b
325,66e45c30d5be0907ea25a45b,value,0.99998779296875,0.0,99.12004679147198,random,287,FullPilot13,66e45c30d5be0907ea25a45b
326,66e45c30d5be0907ea25a45b,perceptual,0.235888671875,0.0,99.12004679147198,random,287,FullPilot13,66e45c30d5be0907ea25a45b
327,62865e3456c142785cfad2a7,map,0.34307216145098207,1.9899332523345947,104.88231836286087,combined,322,FullPilot12,62865e3456c142785cfad2a7
328,62865e3456c142785cfad2a7,value,0.9961226174607872,310.45991415157914,108.85913732389963,combined,322,FullPilot12,62865e3456c142785cfad2a7
329,62865e3456c142785cfad2a7,perceptual,0.028015964478254385,17.439733147621155,120.84518173420159,combined,322,FullPilot12,62865e3456c142785cfad2a7
330,65e20689e9a511366b03cc13,map,0.740581103041768,0.8570291101932526,197.55636495765046,perceptual,445,FullPilot13,65e20689e9a511366b03cc13
331,65e20689e9a511366b03cc13,value,0.9991294860839843,227.032470703125,208.02521447885385,perceptual,445,FullPilot13,65e20689e9a511366b03cc13
332,65e20689e9a511366b03cc13,perceptual,0.03458738327026373,18.205509185791016,198.28274079059776,perceptual,445,FullPilot13,65e20689e9a511366b03cc13
333,63197f9b80d9c0d22597a837,map,0.8322147205471992,1.594069004058838,82.42173871474299,perceptual,288,FullPilot13,63197f9b80d9c0d22597a837
334,63197f9b80d9c0d22597a837,value,0.999364643926674,318.5511398492963,99.41125964386038,perceptual,288,FullPilot13,63197f9b80d9c0d22597a837
335,63197f9b80d9c0d22597a837,perceptual,0.049772253632545504,26.425676345825195,82.97170202782286,perceptual,288,FullPilot13,63197f9b80d9c0d22597a837
336,66eefcfef4a122e447c654d1,map,0.6835690975189209,4.311809539794922,46.00614728773043,combined,307,FullPilot12,66eefcfef4a122e447c654d1
337,66eefcfef4a122e447c654d1,value,0.7108799934387207,2.1259498596191406,96.0510461092555,combined,307,FullPilot12,66eefcfef4a122e447c654d1
338,66eefcfef4a122e447c654d1,perceptual,0.4796305013354868,5.398100595921278,51.82948507741686,combined,307,FullPilot12,66eefcfef4a122e447c654d1
339,66cbc2627559d53c0e3e4ac4,map,0.2181788126938045,2.6268787682056427,72.29283760345938,combined,288,FullPilot12,66cbc2627559d53c0e3e4ac4
340,66cbc2627559d53c0e3e4ac4,value,0.8114252269268036,10.373071432113647,74.90214571948174,combined,288,FullPilot12,66cbc2627559d53c0e3e4ac4
341,66cbc2627559d53c0e3e4ac4,perceptual,0.03193158060312273,13.106861114501953,97.75538148227888,combined,288,FullPilot12,66cbc2627559d53c0e3e4ac4
342,668180f26a3b162091510589,map,0.32450714111328127,3.47198486328125,64.02919284475956,combined,287,FullPilot12,668180f26a3b162091510589
343,668180f26a3b162091510589,value,0.685384618374519,6.320887794718146,74.34663535707774,combined,287,FullPilot12,668180f26a3b162091510589
344,668180f26a3b162091510589,perceptual,0.11631136499345307,6.620486676692963,91.98310393837906,combined,287,FullPilot12,668180f26a3b162091510589
345,661571d6cc16ee34676734df,map,0.8952428840100765,4.647520184516907,35.422909770135966,perceptual,288,FullPilot13,661571d6cc16ee34676734df
346,661571d6cc16ee34676734df,value,0.9990745544433594,185.1177978515625,99.56951904301222,perceptual,288,FullPilot13,661571d6cc16ee34676734df
347,661571d6cc16ee34676734df,perceptual,0.34374681151239206,11.981654660776258,36.018222087299534,perceptual,288,FullPilot13,661571d6cc16ee34676734df
348,5ee738a018d5a84caa7e0f2a,map,0.6263565870234743,7.0363028440624475,39.62878053070457,combined,287,FullPilot12,5ee738a018d5a84caa7e0f2a
349,5ee738a018d5a84caa7e0f2a,value,0.9980103930458426,372.3783630877733,95.16472685747338,combined,287,FullPilot12,5ee738a018d5a84caa7e0f2a
350,5ee738a018d5a84caa7e0f2a,perceptual,0.20928459167480473,13.457565307617188,55.1021784462438,combined,287,FullPilot12,5ee738a018d5a84caa7e0f2a
351,66ffb576e0cde42ca9ea7fa7,map,0.9999999165534973,1.3045120239257812,76.87693360385181,perceptual,288,FullPilot12,66ffb576e0cde42ca9ea7fa7
352,66ffb576e0cde42ca9ea7fa7,value,0.99998779296875,0.0,99.81319397183192,perceptual,288,FullPilot12,66ffb576e0cde42ca9ea7fa7
353,66ffb576e0cde42ca9ea7fa7,perceptual,0.06662861295044425,19.437706619501114,76.87609978175912,perceptual,288,FullPilot12,66ffb576e0cde42ca9ea7fa7
354,663784abc88d62265def75ea,map,0.9033710954710841,5.187044329941273,39.26427191003544,perceptual,288,FullPilot12,663784abc88d62265def75ea
355,663784abc88d62265def75ea,value,0.9989161431789397,152.51338243484497,99.55068698833026,perceptual,288,FullPilot12,663784abc88d62265def75ea
356,663784abc88d62265def75ea,perceptual,0.26476114988327026,17.443203926086426,40.05129717580222,perceptual,288,FullPilot12,663784abc88d62265def75ea
357,5da4152a3ab39a0011295a3e,map,0.3509598508477211,0.9533524513244629,95.0979202996344,value,288,FullPilot12,5da4152a3ab39a0011295a3e
358,5da4152a3ab39a0011295a3e,value,0.9986673836536283,454.1529440227896,96.46459560447572,value,288,FullPilot12,5da4152a3ab39a0011295a3e
359,5da4152a3ab39a0011295a3e,perceptual,0.028541281819343622,11.561248302459717,98.43211285751244,value,288,FullPilot12,5da4152a3ab39a0011295a3e
360,66182d2b06cbee83d298b517,map,0.9810960963368416,9.545740187168121,17.753439501539848,perceptual,288,FullPilot12,66182d2b06cbee83d298b517
361,66182d2b06cbee83d298b517,value,0.9999855399131774,600.1562547683716,99.81209598172934,perceptual,288,FullPilot12,66182d2b06cbee83d298b517
362,66182d2b06cbee83d298b517,perceptual,0.5175637667998672,17.93430708348751,17.79568911417681,perceptual,288,FullPilot12,66182d2b06cbee83d298b517
363,66c7f746e43985cfcb2c99e6,map,0.5573486328125,3.896484375,55.88217822574594,combined,284,FullPilot12,66c7f746e43985cfcb2c99e6
364,66c7f746e43985cfcb2c99e6,value,0.9979156792163848,477.8132724761963,92.66012647805978,combined,284,FullPilot12,66c7f746e43985cfcb2c99e6
365,66c7f746e43985cfcb2c99e6,perceptual,0.031110465480014726,58.2936673052609,66.8454696629127,combined,284,FullPilot12,66c7f746e43985cfcb2c99e6
366,66ee262c64a810b7ec1371e9,map,0.7807346738874912,3.2020121812820435,56.37576031225176,perceptual,288,FullPilot12,66ee262c64a810b7ec1371e9
367,66ee262c64a810b7ec1371e9,value,0.9992598389275371,268.5255376249552,99.45719418471153,perceptual,288,FullPilot12,66ee262c64a810b7ec1371e9
368,66ee262c64a810b7ec1371e9,perceptual,0.13045037165284162,17.884271144866943,58.531170606885425,perceptual,288,FullPilot12,66ee262c64a810b7ec1371e9
369,628de7e8ff1744a9717d7883,map,0.6992421210619795,0.2241891750600189,99.61829731132671,random,288,FullPilot12,628de7e8ff1744a9717d7883
370,628de7e8ff1744a9717d7883,value,0.9999176262761466,342.5608237320557,99.80564937882082,random,288,FullPilot12,628de7e8ff1744a9717d7883
371,628de7e8ff1744a9717d7883,perceptual,0.000973644852638289,167.84228682518005,99.62917029913446,random,288,FullPilot12,628de7e8ff1744a9717d7883
372,66e74251d30f3f96be79e2f0,map,0.03574605649337176,6.784164011478424,15.111935099766146,value,288,FullPilot12,66e74251d30f3f96be79e2f0
373,66e74251d30f3f96be79e2f0,value,0.40616817474365235,10.976181030273438,15.210633005034827,value,288,FullPilot12,66e74251d30f3f96be79e2f0
374,66e74251d30f3f96be79e2f0,perceptual,0.0004337087570093212,284.1159932548908,99.57123535199922,value,288,FullPilot12,66e74251d30f3f96be79e2f0
375,628d78a2ccf4a41f24c2d2d8,map,0.4848594665527344,5.0567626953125,50.278837380488724,combined,288,FullPilot14,628d78a2ccf4a41f24c2d2d8
376,628d78a2ccf4a41f24c2d2d8,value,0.7712816238403319,5.6856536865234375,88.78134286199462,combined,288,FullPilot14,628d78a2ccf4a41f24c2d2d8
377,628d78a2ccf4a41f24c2d2d8,perceptual,0.05547428131103521,34.55574035644531,70.26396326046844,combined,288,FullPilot14,628d78a2ccf4a41f24c2d2d8
378,63ae2788c3e5ec6d1cfcad16,map,2.9802322831784522e-09,0.19359111785888672,98.8206910003418,random,283,FullPilot14,63ae2788c3e5ec6d1cfcad16
379,63ae2788c3e5ec6d1cfcad16,value,0.9651207781396806,5.684214495122433,98.82052785045238,random,283,FullPilot14,63ae2788c3e5ec6d1cfcad16
380,63ae2788c3e5ec6d1cfcad16,perceptual,0.23325195312500002,0.0,99.12004679147198,random,283,FullPilot14,63ae2788c3e5ec6d1cfcad16
381,67579b182f3a6e41fb761791,map,0.5559617903549224,4.398225210607052,52.26213672011001,combined,288,FullPilot14,67579b182f3a6e41fb761791
382,67579b182f3a6e41fb761791,value,0.9981295560944999,507.9390718556533,94.35790023738521,combined,288,FullPilot14,67579b182f3a6e41fb761791
383,67579b182f3a6e41fb761791,perceptual,0.1151798248291016,19.160995483398438,63.77352133442876,combined,288,FullPilot14,67579b182f3a6e41fb761791
384,67594446e891cd9a76235f36,map,0.9999998092651367,4.471282958984375,33.30253519735034,perceptual,281,FullPilot14,67594446e891cd9a76235f36
385,67594446e891cd9a76235f36,value,0.99998779296875,0.0,97.73375243075209,perceptual,281,FullPilot14,67594446e891cd9a76235f36
386,67594446e891cd9a76235f36,perceptual,0.24143719673156738,24.91434097290039,30.32591161206158,perceptual,281,FullPilot14,67594446e891cd9a76235f36
387,66978d2616be96682f9f87ed,map,0.6410415135324001,4.269103705883026,47.52571597744165,combined,287,FullPilot14,66978d2616be96682f9f87ed
388,66978d2616be96682f9f87ed,value,0.9952156066894531,139.632568359375,96.42800282144813,combined,287,FullPilot14,66978d2616be96682f9f87ed
389,66978d2616be96682f9f87ed,perceptual,0.1385111808776856,18.655471801757812,57.87104466319698,combined,287,FullPilot14,66978d2616be96682f9f87ed
390,6759a46833a61fefe76b05ba,map,0.3024658203125,0.0,97.73375243075209,random,284,FullPilot14,6759a46833a61fefe76b05ba
391,6759a46833a61fefe76b05ba,value,0.99998779296875,0.0,97.73375243075209,random,284,FullPilot14,6759a46833a61fefe76b05ba
392,6759a46833a61fefe76b05ba,perceptual,0.23061523437500003,0.0,97.73375243075209,random,284,FullPilot14,6759a46833a61fefe76b05ba
393,66b0c677fd6d5746c4c5fd36,map,0.7917309999465942,1.4647722244262695,80.3539923870232,perceptual,288,FullPilot14,66b0c677fd6d5746c4c5fd36
394,66b0c677fd6d5746c4c5fd36,value,0.998399469256401,146.92021489143372,99.33645697625374,perceptual,288,FullPilot14,66b0c677fd6d5746c4c5fd36
395,66b0c677fd6d5746c4c5fd36,perceptual,0.1070020578801632,14.78953305631876,78.19334319861508,perceptual,288,FullPilot14,66b0c677fd6d5746c4c5fd36
396,57d810f1813eb30001825b65,map,0.5137603759765625,3.765869140625,59.78171100494777,combined,287,FullPilot14,57d810f1813eb30001825b65
397,57d810f1813eb30001825b65,value,0.995315358042717,229.91567015647888,90.69910895644475,combined,287,FullPilot14,57d810f1813eb30001825b65
398,57d810f1813eb30001825b65,perceptual,0.06439208984375006,26.170806884765625,74.2145016469778,combined,287,FullPilot14,57d810f1813eb30001825b65
399,6746499fde684b081912c056,map,0.9999998092651367,1.47674560546875,71.05607081795155,perceptual,292,FullPilot14,6746499fde684b081912c056
400,6746499fde684b081912c056,value,0.99998779296875,0.0,97.04060525039215,perceptual,292,FullPilot14,6746499fde684b081912c056
401,6746499fde684b081912c056,perceptual,0.09561307653784756,17.616468593478203,72.36420452189502,perceptual,292,FullPilot14,6746499fde684b081912c056
402,651b075a8bfaebfd2f74e195,map,0.9127741960808634,3.2219766080379486,47.95315756160868,perceptual,286,FullPilot14,651b075a8bfaebfd2f74e195
403,651b075a8bfaebfd2f74e195,value,0.9996869568247347,410.6914894282818,98.96976791150962,perceptual,286,FullPilot14,651b075a8bfaebfd2f74e195
404,651b075a8bfaebfd2f74e195,perceptual,0.31422427594661717,10.431869924068451,51.79139567071774,perceptual,286,FullPilot14,651b075a8bfaebfd2f74e195
405,5f3227893ca51916b4ff6d9d,map,0.367383673787117,2.560849189758301,73.10139199596162,combined,288,FullPilot14,5f3227893ca51916b4ff6d9d
406,5f3227893ca51916b4ff6d9d,value,0.6646555375307799,4.083399325609207,83.81304372571294,combined,288,FullPilot14,5f3227893ca51916b4ff6d9d
407,5f3227893ca51916b4ff6d9d,perceptual,0.08318557739257815,9.83367919921875,91.50808955988488,combined,288,FullPilot14,5f3227893ca51916b4ff6d9d
408,66569098a6bf70f056e8f1d0,map,0.26386260986328125,3.1854248046875,68.904822104241,combined,282,FullPilot14,66569098a6bf70f056e8f1d0
409,66569098a6bf70f056e8f1d0,value,0.8594413213431835,14.519296884536743,77.17513789984123,combined,282,FullPilot14,66569098a6bf70f056e8f1d0
410,66569098a6bf70f056e8f1d0,perceptual,0.07879285244271161,8.670465126633644,91.54277468402803,combined,282,FullPilot14,66569098a6bf70f056e8f1d0
411,6759bab1432aedd5f3c18487,map,0.426116943359375,6.61376953125,43.41271453010083,combined,287,FullPilot14,6759bab1432aedd5f3c18487
412,6759bab1432aedd5f3c18487,value,0.9010524749755859,17.102813720703125,87.08124595144217,combined,287,FullPilot14,6759bab1432aedd5f3c18487
413,6759bab1432aedd5f3c18487,perceptual,0.06038208007812507,32.59765625,66.92624476274962,combined,287,FullPilot14,6759bab1432aedd5f3c18487
414,5f173b90cea174080152310b,map,0.8653153657913208,3.6372292041778564,45.0107158578759,perceptual,288,FullPilot14,5f173b90cea174080152310b
415,5f173b90cea174080152310b,value,0.999301442503929,230.50321102142334,99.58219508877399,perceptual,288,FullPilot14,5f173b90cea174080152310b
416,5f173b90cea174080152310b,perceptual,0.3735917806625366,9.817452430725098,45.579975451863724,perceptual,288,FullPilot14,5f173b90cea174080152310b
417,6751826af853585828786233,map,0.504148519039154,4.471160173416138,52.69300714904163,combined,287,FullPilot14,6751826af853585828786233
418,6751826af853585828786233,value,0.9935304284095764,182.18942880630493,89.59138163173255,combined,287,FullPilot14,6751826af853585828786233
419,6751826af853585828786233,perceptual,0.09834327697753908,17.388324737548828,71.8342985002872,combined,287,FullPilot14,6751826af853585828786233
420,645d518949b0639658176654,map,0.6294933229684829,0.8873462677001953,91.5598405663172,combined,284,FullPilot14,645d518949b0639658176654
421,645d518949b0639658176654,value,0.9992526118672685,429.3115405016579,96.77630382167372,combined,284,FullPilot14,645d518949b0639658176654
422,645d518949b0639658176654,perceptual,0.060687637329101596,10.339241027832031,92.33016499699512,combined,284,FullPilot14,645d518949b0639658176654
423,662942b6455e11154cbb3ce0,map,0.9848861529339046,5.841464670811547,25.56256606114717,perceptual,288,FullPilot14,662942b6455e11154cbb3ce0
424,662942b6455e11154cbb3ce0,value,0.9999053749721497,273.75723803415895,99.80763180418893,perceptual,288,FullPilot14,662942b6455e11154cbb3ce0
425,662942b6455e11154cbb3ce0,perceptual,0.2919733807444573,23.370912671089172,26.524659762258704,perceptual,288,FullPilot14,662942b6455e11154cbb3ce0
426,65c69497ab503bf918ddd5b7,map,0.7032702714204788,4.388612508773804,45.47888684511414,combined,288,FullPilot14,65c69497ab503bf918ddd5b7
427,65c69497ab503bf918ddd5b7,value,0.9969170928001403,170.92880249023438,97.47787493583989,combined,288,FullPilot14,65c69497ab503bf918ddd5b7
428,65c69497ab503bf918ddd5b7,perceptual,0.1999322652816773,15.7515287399292,51.575452314198465,combined,288,FullPilot14,65c69497ab503bf918ddd5b7
429,5de7d12c26dd95000b6824c5,map,0.40800323486328127,8.53912353515625,35.06820796473116,combined,288,FullPilot14,5de7d12c26dd95000b6824c5
430,5de7d12c26dd95000b6824c5,value,0.7802117638289928,9.089562594890594,78.07008304560638,combined,288,FullPilot14,5de7d12c26dd95000b6824c5
431,5de7d12c26dd95000b6824c5,perceptual,0.05073028504848487,33.14397096633911,73.86186186394555,combined,288,FullPilot14,5de7d12c26dd95000b6824c5
432,671f8f783bd4d777e17c36e6,map,0.8919097547302954,1.9391660671681166,68.27266936372706,perceptual,288,FullPilot14,671f8f783bd4d777e17c36e6
433,671f8f783bd4d777e17c36e6,value,0.9997120685875416,483.08857560157776,99.65045291158903,perceptual,288,FullPilot14,671f8f783bd4d777e17c36e6
434,671f8f783bd4d777e17c36e6,perceptual,0.24122637510299683,9.186978340148926,68.80090527995414,perceptual,288,FullPilot14,671f8f783bd4d777e17c36e6
435,66a557d079b15419fd0f9255,map,0.5854526356211863,3.8331687077879906,52.76342890465743,combined,283,FullPilot14,66a557d079b15419fd0f9255
436,66a557d079b15419fd0f9255,value,0.9979301363229751,381.9111692905426,92.63164063930161,combined,283,FullPilot14,66a557d079b15419fd0f9255
437,66a557d079b15419fd0f9255,perceptual,0.05740413069725042,34.23641413450241,64.03343846941162,combined,283,FullPilot14,66a557d079b15419fd0f9255
438,671432260f5b80d8188b2fe1,map,0.9144670605659484,5.7360029220581055,28.72499192919367,perceptual,287,FullPilot14,671432260f5b80d8188b2fe1
439,671432260f5b80d8188b2fe1,value,0.9997796535491943,475.92053413391113,99.70263145879255,perceptual,287,FullPilot14,671432260f5b80d8188b2fe1
440,671432260f5b80d8188b2fe1,perceptual,0.22573490142822267,27.056121826171875,30.100474336744842,perceptual,287,FullPilot14,671432260f5b80d8188b2fe1
441,664446cda39cd17787c271da,map,0.8523430496454238,4.450885057449341,37.40891705071127,perceptual,287,FullPilot14,664446cda39cd17787c271da
442,664446cda39cd17787c271da,value,0.9996032702270895,501.7580945789814,98.78719418609765,perceptual,287,FullPilot14,664446cda39cd17787c271da
443,664446cda39cd17787c271da,perceptual,0.58183913230896,8.460617065429688,35.80578317027691,perceptual,287,FullPilot14,664446cda39cd17787c271da
444,6728e9f22f76d709508acf02,map,0.9084373474121094,4.15283203125,37.906433333462516,perceptual,282,FullPilot14,6728e9f22f76d709508acf02
445,6728e9f22f76d709508acf02,value,0.9997337877750396,415.3669783473015,97.6243156417986,perceptual,282,FullPilot14,6728e9f22f76d709508acf02
446,6728e9f22f76d709508acf02,perceptual,0.24882606565952303,18.615717887878418,36.51599602303179,perceptual,282,FullPilot14,6728e9f22f76d709508acf02
447,675edf24452fd3015aaee4dc,map,0.6357704162597656,3.28826904296875,58.76577105046014,combined,287,FullPilot14,675edf24452fd3015aaee4dc
448,675edf24452fd3015aaee4dc,value,0.9983948890177998,410.6958244787529,96.8075378263994,combined,287,FullPilot14,675edf24452fd3015aaee4dc
449,675edf24452fd3015aaee4dc,perceptual,0.33831386566162114,6.4858245849609375,66.58048490096228,combined,287,FullPilot14,675edf24452fd3015aaee4dc
450,66885d217777eda6f3a9b8dd,map,0.3503485418856144,5.475487112998962,50.58985262119236,combined,288,FullPilot14,66885d217777eda6f3a9b8dd
451,66885d217777eda6f3a9b8dd,value,0.7820121765136718,10.03997802734375,75.68699330904526,combined,288,FullPilot14,66885d217777eda6f3a9b8dd
452,66885d217777eda6f3a9b8dd,perceptual,0.11023758649826054,9.83285903930664,84.65431547515051,combined,288,FullPilot14,66885d217777eda6f3a9b8dd
453,675bead4e4f525677a43a27a,map,0.5605970025062561,2.3971128463745117,72.29270890323133,combined,280,FullPilot14,675bead4e4f525677a43a27a
454,675bead4e4f525677a43a27a,value,0.9890581130981445,68.86940002441406,92.85867168698121,combined,280,FullPilot14,675bead4e4f525677a43a27a
455,675bead4e4f525677a43a27a,perceptual,0.05313126444816596,25.82686424255371,78.70452029199906,combined,280,FullPilot14,675bead4e4f525677a43a27a
456,5ddb5ed4a64380abb2907440,map,0.5349643153138459,4.53170346096158,51.09641360201102,combined,288,FullPilot14,5ddb5ed4a64380abb2907440
457,5ddb5ed4a64380abb2907440,value,0.9939659118652343,176.28482580184937,91.01819411826995,combined,288,FullPilot14,5ddb5ed4a64380abb2907440
458,5ddb5ed4a64380abb2907440,perceptual,0.14805037006735805,14.554169178009033,65.68400251768324,combined,288,FullPilot14,5ddb5ed4a64380abb2907440
459,67603ec6f369599a362eecb9,map,0.5059297204017639,6.320943832397461,40.457204436835326,combined,288,FullPilot14,67603ec6f369599a362eecb9
460,67603ec6f369599a362eecb9,value,0.9955155849456787,274.13976669311523,89.56504740664231,combined,288,FullPilot14,67603ec6f369599a362eecb9
461,67603ec6f369599a362eecb9,perceptual,0.16909093856811525,12.949638366699219,63.371631193471195,combined,288,FullPilot14,67603ec6f369599a362eecb9
462,62b9e995fd8c321a2f65a6cd,map,0.5914891839027405,3.391385078430176,58.74874224988079,combined,288,FullPilot14,62b9e995fd8c321a2f65a6cd
463,62b9e995fd8c321a2f65a6cd,value,0.995776168256998,185.03514617681503,94.24329737821458,combined,288,FullPilot14,62b9e995fd8c321a2f65a6cd
464,62b9e995fd8c321a2f65a6cd,perceptual,0.11285552978515628,16.3641357421875,68.93745950748624,combined,288,FullPilot14,62b9e995fd8c321a2f65a6cd
465,65cbb41e2614de61e770c67c,map,0.874139404296875,3.944091796875,42.58685708517047,perceptual,285,FullPilot14,65cbb41e2614de61e770c67c
466,65cbb41e2614de61e770c67c,value,0.999603271484375,458.792724609375,99.48747225033118,perceptual,285,FullPilot14,65cbb41e2614de61e770c67c
467,65cbb41e2614de61e770c67c,perceptual,0.205669675488025,19.320615772157907,45.007965969944536,perceptual,285,FullPilot14,65cbb41e2614de61e770c67c
468,60165591d472ae0b5c202703,map,0.9076535025262273,2.9499483562540263,50.23161757688097,perceptual,282,FullPilot14,60165591d472ae0b5c202703
469,60165591d472ae0b5c202703,value,0.9996586322784423,386.8435859680176,96.90097896928575,perceptual,282,FullPilot14,60165591d472ae0b5c202703
470,60165591d472ae0b5c202703,perceptual,0.20742751061916354,15.59887170791626,50.89326748001973,perceptual,282,FullPilot14,60165591d472ae0b5c202703
471,5d23ac815173fe001528bcd6,map,0.37047119140625,0.0,93.57486934859243,random,277,FullPilot14,5d23ac815173fe001528bcd6
472,5d23ac815173fe001528bcd6,value,0.99998779296875,0.0,93.57486934859243,random,277,FullPilot14,5d23ac815173fe001528bcd6
473,5d23ac815173fe001528bcd6,perceptual,0.0005984209943563079,308.5038876347244,93.13025452627815,random,277,FullPilot14,5d23ac815173fe001528bcd6
474,675967674f07f1afe5626a04,map,0.9997573643922806,1.1061996221542358,98.39506488422256,perceptual,314,FullPilot14,675967674f07f1afe5626a04
475,675967674f07f1afe5626a04,value,0.99998779296875,0.0,120.60760938263023,perceptual,314,FullPilot14,675967674f07f1afe5626a04
476,675967674f07f1afe5626a04,perceptual,0.0521612167358399,28.826370239257812,96.91934602261101,perceptual,314,FullPilot14,675967674f07f1afe5626a04
477,673efaa7caf0942718ac1631,map,0.30960693359375,0.0,95.65431088967226,random,269,FullPilot14,673efaa7caf0942718ac1631
478,673efaa7caf0942718ac1631,value,0.99998779296875,0.0,95.65431088967226,random,269,FullPilot14,673efaa7caf0942718ac1631
479,673efaa7caf0942718ac1631,perceptual,0.23193359375,0.0,95.65431088967226,random,269,FullPilot14,673efaa7caf0942718ac1631
480,6165af4b36cb3bae91f2e355,map,0.2872947924799519,9.029880977468565,33.789368478186965,combined,288,FullPilot14,6165af4b36cb3bae91f2e355
481,6165af4b36cb3bae91f2e355,value,0.8123825073242188,17.950439453125,58.57096628470971,combined,288,FullPilot14,6165af4b36cb3bae91f2e355
482,6165af4b36cb3bae91f2e355,perceptual,0.04703369140625002,16.7529296875,89.74003149686567,combined,288,FullPilot14,6165af4b36cb3bae91f2e355
483,675efe6044b2f5bde425ceac,map,0.9201842692134959,2.793864792329259,52.578219391564986,perceptual,287,FullPilot14,675efe6044b2f5bde425ceac
484,675efe6044b2f5bde425ceac,value,0.9996291527058929,303.3944763755426,98.98337245712077,perceptual,287,FullPilot14,675efe6044b2f5bde425ceac
485,675efe6044b2f5bde425ceac,perceptual,0.23640592917799952,14.416093900799751,49.51000466607099,perceptual,287,FullPilot14,675efe6044b2f5bde425ceac
486,5fe17e28d8918b3fae67ec4d,map,0.8070192518185649,2.7918834798038006,56.68436419296249,perceptual,287,FullPilot14,5fe17e28d8918b3fae67ec4d
487,5fe17e28d8918b3fae67ec4d,value,0.9990861374739324,303.0861775635276,98.50286386573553,perceptual,287,FullPilot14,5fe17e28d8918b3fae67ec4d
488,5fe17e28d8918b3fae67ec4d,perceptual,0.16535129547119143,18.279482126235962,55.63340897259242,perceptual,287,FullPilot14,5fe17e28d8918b3fae67ec4d
489,673487045133bc17c8100d16,map,0.5746795654296875,3.59893798828125,58.61211497939467,combined,288,FullPilot14,673487045133bc17c8100d16
490,673487045133bc17c8100d16,value,0.9959567010402679,208.90825033187866,94.71725575348114,combined,288,FullPilot14,673487045133bc17c8100d16
491,673487045133bc17c8100d16,perceptual,0.054344023577868994,32.39728629589081,70.68866547302989,combined,288,FullPilot14,673487045133bc17c8100d16
492,675da16368f40dd379799754,map,0.31663818359375,0.0,99.81319397183192,random,288,FullPilot14,675da16368f40dd379799754
493,675da16368f40dd379799754,value,0.99998779296875,0.0,99.81319397183192,random,288,FullPilot14,675da16368f40dd379799754
494,675da16368f40dd379799754,perceptual,0.0003555297851562944,329.83222484588623,99.62250999397061,random,288,FullPilot14,675da16368f40dd379799754
495,675b1e5ccc5e27bebe6ea4cb,map,0.11045227050781253,3.32763671875,67.4042495577364,value,257,FullPilot14,675b1e5ccc5e27bebe6ea4cb
496,675b1e5ccc5e27bebe6ea4cb,value,0.744445935729891,11.241494957357645,68.8466553089035,value,257,FullPilot14,675b1e5ccc5e27bebe6ea4cb
497,675b1e5ccc5e27bebe6ea4cb,perceptual,0.0011069774627686102,224.3870735168457,93.99488059901832,value,257,FullPilot14,675b1e5ccc5e27bebe6ea4cb
498,6752385b8b997da454e1b2b4,map,0.8573371887207031,4.4647216796875,37.40338330377128,perceptual,287,FullPilot14,6752385b8b997da454e1b2b4
499,6752385b8b997da454e1b2b4,value,0.99932861328125,290.526123046875,98.72897985751928,perceptual,287,FullPilot14,6752385b8b997da454e1b2b4
500,6752385b8b997da454e1b2b4,perceptual,0.44794089794158937,9.040684700012207,41.50986424702981,perceptual,287,FullPilot14,6752385b8b997da454e1b2b4
501,6648c0d4fa3b00043396163e,map,0.9013867855072021,4.090181365609169,38.867616888787026,perceptual,286,FullPilot14,6648c0d4fa3b00043396163e
502,6648c0d4fa3b00043396163e,value,0.9987785458564757,121.6011369228363,98.91934045010541,perceptual,286,FullPilot14,6648c0d4fa3b00043396163e
503,6648c0d4fa3b00043396163e,perceptual,0.24374991332879292,18.45126480795443,38.724539840924116,perceptual,286,FullPilot14,6648c0d4fa3b00043396163e
504,671813a64cc728d09ef7499d,map,0.4100225862115622,0.12759342789649963,97.63263915073317,random,271,FullPilot14,671813a64cc728d09ef7499d
505,671813a64cc728d09ef7499d,value,0.9997882960247807,362.0734635880217,97.6815232736672,random,271,FullPilot14,671813a64cc728d09ef7499d
506,671813a64cc728d09ef7499d,perceptual,0.000337934494018588,103.7868881225586,97.71650774918328,random,271,FullPilot14,671813a64cc728d09ef7499d
507,675d2f5d0cc936cb053e09eb,map,2.9802322831784522e-09,0.5002999305725098,96.62083355501281,random,287,FullPilot14,675d2f5d0cc936cb053e09eb
508,675d2f5d0cc936cb053e09eb,value,0.9979904860258102,249.0304172039032,96.62083335128351,random,287,FullPilot14,675d2f5d0cc936cb053e09eb
509,675d2f5d0cc936cb053e09eb,perceptual,0.26093750000000004,0.0,99.12004679147198,random,287,FullPilot14,675d2f5d0cc936cb053e09eb
510,6707ab0e3c5ee9540950263a,map,1.9073486334786338e-07,1.54571533203125,82.44603906376277,value,285,FullPilot14,6707ab0e3c5ee9540950263a
511,6707ab0e3c5ee9540950263a,value,0.7653968840837478,6.591656506061554,82.44603117564122,value,285,FullPilot14,6707ab0e3c5ee9540950263a
512,6707ab0e3c5ee9540950263a,perceptual,0.22885742187500002,0.0,98.42689961111203,value,285,FullPilot14,6707ab0e3c5ee9540950263a
513,675708ab3fe4f014cb8f3100,map,0.3656795659890122,4.789760732528521,53.74545686908676,combined,285,FullPilot14,675708ab3fe4f014cb8f3100
514,675708ab3fe4f014cb8f3100,value,0.7951931953430176,9.302806854248047,78.42596369184669,combined,285,FullPilot14,675708ab3fe4f014cb8f3100
515,675708ab3fe4f014cb8f3100,perceptual,0.09120559692382818,12.00836181640625,83.15002388479085,combined,285,FullPilot14,675708ab3fe4f014cb8f3100
516,6669b17afde17ee81cebd908,map,0.6280199805274606,3.0420049652457237,62.49837561319661,combined,288,FullPilot14,6669b17afde17ee81cebd908
517,6669b17afde17ee81cebd908,value,0.9975512474775314,273.6783492565155,96.83316366481787,combined,288,FullPilot14,6669b17afde17ee81cebd908
518,6669b17afde17ee81cebd908,perceptual,0.033285331726074285,56.43791198730469,70.79542399932039,combined,288,FullPilot14,6669b17afde17ee81cebd908
519,63c3164c08ff110d63b44dc6,map,0.15789260864257815,6.011962890625,36.614970407643796,value,282,FullPilot14,63c3164c08ff110d63b44dc6
520,63c3164c08ff110d63b44dc6,value,0.6607915304601193,12.857505083084106,41.39204698604191,value,282,FullPilot14,63c3164c08ff110d63b44dc6
521,63c3164c08ff110d63b44dc6,perceptual,0.015092417597770746,19.007315635681152,96.79551859126413,value,282,FullPilot14,63c3164c08ff110d63b44dc6
522,673cc81c2536e8c40857dc33,map,0.9926867567599401,2.781068323238287,49.63105973674129,perceptual,282,FullPilot14,673cc81c2536e8c40857dc33
523,673cc81c2536e8c40857dc33,value,0.99998779296875,0.0,99.81319397183192,perceptual,282,FullPilot14,673cc81c2536e8c40857dc33
524,673cc81c2536e8c40857dc33,perceptual,0.17324128150939944,22.25080966949463,47.43079548329056,perceptual,282,FullPilot14,673cc81c2536e8c40857dc33
525,675dd4aed41b2116f978a0a1,map,0.997780817747116,3.7698376178741455,39.21869070983586,perceptual,285,FullPilot14,675dd4aed41b2116f978a0a1
526,675dd4aed41b2116f978a0a1,value,0.9999334132764488,187.07850427832454,99.81138911825053,perceptual,285,FullPilot14,675dd4aed41b2116f978a0a1
527,675dd4aed41b2116f978a0a1,perceptual,0.4276254177093506,10.92153549194336,37.8857371880509,perceptual,285,FullPilot14,675dd4aed41b2116f978a0a1
528,675eedc3e29d31f79d612346,map,1.3038516377683607e-09,0.41037842631340027,98.04372916500728,random,286,FullPilot14,675eedc3e29d31f79d612346
529,675eedc3e29d31f79d612346,value,0.9991078607738018,460.09301314130425,98.0437291324133,random,286,FullPilot14,675eedc3e29d31f79d612346
530,675eedc3e29d31f79d612346,perceptual,0.22666015625000002,0.0,99.12004679147198,random,286,FullPilot14,675eedc3e29d31f79d612346
531,6718b9bc107831749fa97950,map,0.9999999970197677,3.005326986312866,46.71411468692853,perceptual,282,FullPilot14,6718b9bc107831749fa97950
532,6718b9bc107831749fa97950,value,0.99998779296875,0.0,98.42689961111203,perceptual,282,FullPilot14,6718b9bc107831749fa97950
533,6718b9bc107831749fa97950,perceptual,0.23062194827944044,17.187244594097137,43.37399754759085,perceptual,282,FullPilot14,6718b9bc107831749fa97950
534,675d7c82a4e3245aa7687d52,map,0.9999998092651367,0.7361412048339844,53.07474805024848,random,184,FullPilot14,675d7c82a4e3245aa7687d52
535,675d7c82a4e3245aa7687d52,value,0.99998779296875,0.0,56.83806878951542,random,184,FullPilot14,675d7c82a4e3245aa7687d52
536,675d7c82a4e3245aa7687d52,perceptual,0.10627921093255283,7.017958462238312,53.401162545227955,random,184,FullPilot14,675d7c82a4e3245aa7687d52
537,63e40d7b1a88578e3c993478,map,0.5683699972927571,4.896502122282982,46.727026417275006,combined,288,FullPilot14,63e40d7b1a88578e3c993478
538,63e40d7b1a88578e3c993478,value,0.9939957916736603,159.5108024775982,92.38362402611492,combined,288,FullPilot14,63e40d7b1a88578e3c993478
539,63e40d7b1a88578e3c993478,perceptual,0.24475154876708988,10.22115707397461,61.36092031207373,combined,288,FullPilot14,63e40d7b1a88578e3c993478
540,677a58735c4ac72aaffc95a7,map,0.4454494476318359,0.4468536376953125,98.48406891551177,random,288,FullPilot14,677a58735c4ac72aaffc95a7
541,677a58735c4ac72aaffc95a7,value,0.9992165237665176,318.8305628299713,99.24341736464592,random,288,FullPilot14,677a58735c4ac72aaffc95a7
542,677a58735c4ac72aaffc95a7,perceptual,0.0018275395035743935,119.53813090920448,99.13511096764773,random,288,FullPilot14,677a58735c4ac72aaffc95a7
543,5c989ea4c7f75b0001677fa8,map,0.7096723846430905,4.284979447620572,46.19644855467358,combined,286,FullPilot14,5c989ea4c7f75b0001677fa8
544,5c989ea4c7f75b0001677fa8,value,0.9978133236058055,225.11897495016456,97.09462133455204,combined,286,FullPilot14,5c989ea4c7f75b0001677fa8
545,5c989ea4c7f75b0001677fa8,perceptual,0.0903953552246094,36.13410949707031,50.98860494275865,combined,286,FullPilot14,5c989ea4c7f75b0001677fa8
546,67143d69d010fd19ac3a1e06,map,0.8803479000926018,5.98067045211792,28.957390904435766,perceptual,288,FullPilot14,67143d69d010fd19ac3a1e06
547,67143d69d010fd19ac3a1e06,value,0.994791510887444,29.514150172472,99.59807001713281,perceptual,288,FullPilot14,67143d69d010fd19ac3a1e06
548,67143d69d010fd19ac3a1e06,perceptual,0.21404132843017581,29.517593383789062,27.548063782490907,perceptual,288,FullPilot14,67143d69d010fd19ac3a1e06
549,677b177da6c75e1c1a0d8c5f,map,0.34234619140625,0.0,99.12004679147198,random,287,FullPilot14,677b177da6c75e1c1a0d8c5f
550,677b177da6c75e1c1a0d8c5f,value,0.99998779296875,0.0,99.12004679147198,random,287,FullPilot14,677b177da6c75e1c1a0d8c5f
551,677b177da6c75e1c1a0d8c5f,perceptual,0.229296875,0.0,99.12004679147198,random,287,FullPilot14,677b177da6c75e1c1a0d8c5f
552,66c6952ac1f2b09e6c930cf8,map,0.8992433817284109,6.224641279914067,26.44813717029058,perceptual,288,FullPilot14,66c6952ac1f2b09e6c930cf8
553,66c6952ac1f2b09e6c930cf8,value,0.9995120763778687,273.62221240997314,99.64426913104019,perceptual,288,FullPilot14,66c6952ac1f2b09e6c930cf8
554,66c6952ac1f2b09e6c930cf8,perceptual,0.2564507393166423,27.26828895509243,25.219605654434126,perceptual,288,FullPilot14,66c6952ac1f2b09e6c930cf8
555,6743a27eda56d91031757fdc,map,0.5479436508845538,4.18599434196949,54.28327340483168,combined,288,FullPilot14,6743a27eda56d91031757fdc
556,6743a27eda56d91031757fdc,value,0.9973220024257898,368.2488386332989,92.07293932739016,combined,288,FullPilot14,6743a27eda56d91031757fdc
557,6743a27eda56d91031757fdc,perceptual,0.1704728126525879,11.214141845703125,69.52139746713249,combined,288,FullPilot14,6743a27eda56d91031757fdc
558,6751e21bab5bb259997e4c67,map,0.9240905079990624,17.794874608516693,6.740092493444503,perceptual,258,FullPilot14,6751e21bab5bb259997e4c67
559,6751e21bab5bb259997e4c67,value,0.9998151672931271,429.1902791854227,96.98356817312464,perceptual,258,FullPilot14,6751e21bab5bb259997e4c67
560,6751e21bab5bb259997e4c67,perceptual,0.4983607746660709,34.58467811346054,7.198110281796161,perceptual,258,FullPilot14,6751e21bab5bb259997e4c67
561,67628f7b4f57e91918c49e72,map,0.9999999165534973,2.079610824584961,58.62002725651243,perceptual,278,FullPilot14,67628f7b4f57e91918c49e72
562,67628f7b4f57e91918c49e72,value,0.99998779296875,0.0,97.04060525039215,perceptual,278,FullPilot14,67628f7b4f57e91918c49e72
563,67628f7b4f57e91918c49e72,perceptual,0.10687828063964849,25.653305053710938,55.8851775917425,perceptual,278,FullPilot14,67628f7b4f57e91918c49e72
564,67055efcc9d6595c24d60bb5,map,0.4102142333984375,7.47802734375,37.17695657473117,combined,286,FullPilot14,67055efcc9d6595c24d60bb5
565,67055efcc9d6595c24d60bb5,value,0.9350105285644531,29.72503662109375,79.9393790736715,combined,286,FullPilot14,67055efcc9d6595c24d60bb5
566,67055efcc9d6595c24d60bb5,perceptual,0.11572742462158209,15.662612915039062,69.82921839195407,combined,286,FullPilot14,67055efcc9d6595c24d60bb5
567,6745171138a79bddfee4e965,map,0.751711048791185,4.790381193161011,41.00277345611236,combined,288,FullPilot14,6745171138a79bddfee4e965
568,6745171138a79bddfee4e965,value,0.9988187789916991,362.6030743122101,98.02479946852372,combined,288,FullPilot14,6745171138a79bddfee4e965
569,6745171138a79bddfee4e965,perceptual,0.37146997060626746,10.367865785956383,47.51372296595495,combined,288,FullPilot14,6745171138a79bddfee4e965
