agent,model,trial,session,ll,param_0,param_1
5484d361fdf99b0379939d5b,absolute,0,0,,1.0,1.0
5484d361fdf99b0379939d5b,absolute,1,0,,1.0,1.0
5484d361fdf99b0379939d5b,absolute,2,0,,1.0,1.0
5484d361fdf99b0379939d5b,absolute,3,0,,1.0,1.0
5484d361fdf99b0379939d5b,absolute,4,0,,1.0,1.0
5484d361fdf99b0379939d5b,absolute,5,0,,1.0,1.0
5484d361fdf99b0379939d5b,absolute,6,0,,1.0,1.0
5484d361fdf99b0379939d5b,absolute,7,0,,1.0,1.0
5484d361fdf99b0379939d5b,absolute,8,0,,1.0,1.0
5484d361fdf99b0379939d5b,absolute,9,0,,1.0,1.0
5484d361fdf99b0379939d5b,absolute,10,0,-0.6924137760512901,0.9999964448614207,0.9999964448614207
5484d361fdf99b0379939d5b,absolute,11,0,-0.779141851620019,0.9999939697142537,0.9999939697142537
5484d361fdf99b0379939d5b,absolute,12,0,-0.5855917473628987,0.9999948594140342,0.9999939688236686
5484d361fdf99b0379939d5b,absolute,13,0,-0.48051486808872035,0.9999945300442787,0.9999928433336843
5484d361fdf99b0379939d5b,absolute,14,0,-0.8162258820383972,0.9999955507635018,0.9999919121598272
5484d361fdf99b0379939d5b,absolute,15,0,-0.4807025729011869,1.000009074222825,1.0000054356191994
5484d361fdf99b0379939d5b,absolute,16,0,-0.5720119155754073,1.0000087140123814,1.0000047544030253
5484d361fdf99b0379939d5b,absolute,17,0,-0.6869792422338037,1.0000139464686948,1.0000128467849627
5484d361fdf99b0379939d5b,absolute,18,0,-0.5727084284883226,1.0000139464686948,1.0000128467849627
5484d361fdf99b0379939d5b,absolute,19,0,-0.5566926927524616,1.0000139464686948,1.0000128467849627
5484d361fdf99b0379939d5b,absolute,20,0,-0.5580031074573419,1.000017043252868,1.0000137440634214
5484d361fdf99b0379939d5b,absolute,21,0,-0.602570274194095,1.0000169692538234,1.0000144528278236
5484d361fdf99b0379939d5b,absolute,22,0,-0.8593610200929138,1.000020894036088,1.0000144488990559
5484d361fdf99b0379939d5b,absolute,23,0,-0.6145917049311471,1.0000236566873506,1.0000170833730393
5484d361fdf99b0379939d5b,absolute,24,0,-0.6049012095919437,1.0000236056572207,1.000017822821706
5484d361fdf99b0379939d5b,absolute,25,0,-0.7524863323336142,1.0000236056572207,1.000017822821706
5484d361fdf99b0379939d5b,absolute,26,0,-0.6601947734836742,1.0000251311957356,1.000017817732487
5484d361fdf99b0379939d5b,absolute,27,0,-0.3764814209677354,1.0000251311957356,1.000017817732487
5484d361fdf99b0379939d5b,absolute,28,0,-0.6891242184637676,1.0000251311957356,1.000017817732487
5484d361fdf99b0379939d5b,absolute,29,0,-0.4607720368642383,1.000025234207871,1.000017093257666
5484d361fdf99b0379939d5b,absolute,30,0,-0.7177505489321838,1.000025453794734,1.0000174081790971
5484d361fdf99b0379939d5b,absolute,31,0,-0.5391618341287661,1.0000267397714337,1.000019202679099
5484d361fdf99b0379939d5b,absolute,32,0,-0.5446408187215255,1.0000331788290637,1.0000278978545645
5484d361fdf99b0379939d5b,absolute,33,0,-0.7288979604190473,1.0000331788290637,1.0000278978545645
5484d361fdf99b0379939d5b,absolute,34,0,-0.6782556391209482,1.0000332554290925,1.0000279744545937
5484d361fdf99b0379939d5b,absolute,35,0,-0.6530233274270714,1.0000332554290925,1.0000279744545937
5484d361fdf99b0379939d5b,absolute,36,0,-0.611326698558802,1.000033255429076,1.0000279744545773
5484d361fdf99b0379939d5b,absolute,37,0,-0.6565687969292178,1.0000322572673555,1.0000269886282744
5484d361fdf99b0379939d5b,absolute,38,0,-0.5345292259195524,1.0000288869848146,1.0000236710488049
5484d361fdf99b0379939d5b,absolute,39,0,-0.7088393460704161,1.0000480057567682,1.0000231900644272
5484d361fdf99b0379939d5b,absolute,40,0,-0.5979313029719044,1.0000480057567682,1.0000231900644272
5484d361fdf99b0379939d5b,absolute,41,0,-0.585779201424387,1.0000480057567682,1.0000231900644272
5484d361fdf99b0379939d5b,absolute,42,0,-0.6196183225460032,1.0000460934546425,1.0000212778097541
5484d361fdf99b0379939d5b,absolute,43,0,-0.5746229757475199,1.0000460934546425,1.0000212778097541
5484d361fdf99b0379939d5b,absolute,44,0,-0.4801930106021217,1.0000469408118977,1.0000212298645188
5484d361fdf99b0379939d5b,absolute,45,0,-0.5923115665651189,1.000045989255416,1.0000202783325014
5484d361fdf99b0379939d5b,absolute,46,0,-0.6929759315629589,1.000049747106679,1.0000241800410596
5484d361fdf99b0379939d5b,absolute,47,1,-1.2042600092032103,1.000055186875983,1.0000295240410884
5484d361fdf99b0379939d5b,absolute,48,1,-1.0457452008389225,1.0000551162031666,1.0000294532705685
5484d361fdf99b0379939d5b,absolute,49,1,-0.28394305750698123,1.000057176097702,1.0000315132645488
5484d361fdf99b0379939d5b,absolute,50,1,-0.2012467240660456,1.000057176097702,1.0000315132645488
5484d361fdf99b0379939d5b,absolute,51,1,-0.4009216662344173,1.0000565489539015,1.0000309057210934
5484d361fdf99b0379939d5b,absolute,52,1,-0.24880689244584175,1.0000575436959642,1.0000309047253249
5484d361fdf99b0379939d5b,absolute,53,1,-0.2727106821394685,1.0000602468277593,1.000034131942547
5484d361fdf99b0379939d5b,absolute,54,1,-0.6378432951379409,1.0000602468277593,1.000034131942547
5484d361fdf99b0379939d5b,absolute,55,1,-0.9460607294616068,1.0000494385247274,1.0000232969616847
5484d361fdf99b0379939d5b,absolute,56,1,-0.5282151902395285,1.0000493152043486,1.0000231736445295
5484d361fdf99b0379939d5b,absolute,57,1,0.024158412697758536,1.0000351109139487,1.0000089697254337
5484d361fdf99b0379939d5b,absolute,58,1,-0.7910444819108804,1.0000351109139487,1.0000089697254337
5484d361fdf99b0379939d5b,absolute,59,1,-1.222988691011274,1.0000420852062637,1.0000089160061743
5484d361fdf99b0379939d5b,absolute,60,1,0.017004272146877497,1.0000420852062637,1.0000089160061743
5484d361fdf99b0379939d5b,absolute,61,1,-0.5252944922597464,1.0000420852062637,1.0000089160061743
5484d361fdf99b0379939d5b,absolute,62,1,-1.5875625799450503,1.000047390388972,1.000014219991152
5484d361fdf99b0379939d5b,absolute,63,1,-0.8152855775232624,1.000051112586146,1.0000179421884494
5484d361fdf99b0379939d5b,absolute,64,1,-1.4188766472527092,1.000051112586146,1.0000179421884494
5484d361fdf99b0379939d5b,absolute,65,1,-1.347655037954631,1.0000511049478376,1.000020043234525
5484d361fdf99b0379939d5b,absolute,66,1,0.21937636748705813,1.0000584705436237,1.0000172749609821
5484d361fdf99b0379939d5b,absolute,67,1,-0.619840229064593,1.0000584705436237,1.0000172749609821
5484d361fdf99b0379939d5b,absolute,68,1,-0.0755799436034863,1.0000486101807144,1.0000074150042526
5484d361fdf99b0379939d5b,absolute,69,1,-0.7980442882631635,1.0000486101807144,1.0000074150042526
5484d361fdf99b0379939d5b,absolute,70,1,-0.8513274019723696,1.0000486101807144,1.0000074150042526
5484d361fdf99b0379939d5b,absolute,71,1,0.11626444583141904,1.0000482327790565,1.0000084184276845
5484d361fdf99b0379939d5b,absolute,72,1,-1.508495464931265,1.0000482327790565,1.0000084184276845
5484d361fdf99b0379939d5b,absolute,73,1,-0.7077603725472557,1.0000466990385786,1.0000059323893251
5484d361fdf99b0379939d5b,absolute,74,1,-0.6718401132630802,1.0000441128346853,0.9999950978998032
5484d361fdf99b0379939d5b,absolute,75,1,-0.4741185736822331,1.0000441128346853,0.9999950978998032
5484d361fdf99b0379939d5b,absolute,76,1,-2.1204591114985902,1.0000527938018364,1.0000037040540426
5484d361fdf99b0379939d5b,absolute,77,1,0.08343647348629446,1.0000527934250485,1.0000040804452264
5484d361fdf99b0379939d5b,absolute,78,1,-0.8695220086777482,1.0000527934250485,1.0000040804452264
5484d361fdf99b0379939d5b,absolute,79,1,-0.45396731352166597,1.0000527934250485,1.0000040804452264
5484d361fdf99b0379939d5b,absolute,80,1,-0.6683406082632644,1.0000527934250485,1.0000040804452264
5484d361fdf99b0379939d5b,absolute,81,1,0.20528903151716804,1.0000527934250485,1.0000040804452264
5484d361fdf99b0379939d5b,absolute,82,1,-0.5578806809237378,1.0000527931072765,1.0000043978827897
5484d361fdf99b0379939d5b,absolute,83,1,-0.5182879528197404,1.000052788523925,1.0000089764092757
5484d361fdf99b0379939d5b,absolute,84,1,-1.4599439944903736,1.0000849586020013,1.0000411464887629
5484d361fdf99b0379939d5b,absolute,85,1,-1.7064182403582961,1.000090404231695,1.000047448679736
5484d361fdf99b0379939d5b,absolute,86,1,-0.3162174658921302,1.000090404231695,1.000047448679736
5484d361fdf99b0379939d5b,absolute,87,1,-0.10635136722394378,1.000090404231695,1.000047448679736
5484d361fdf99b0379939d5b,absolute,88,1,-0.7016414446220196,1.000092583118961,1.0000513597860339
5484d361fdf99b0379939d5b,absolute,89,1,-0.6299967739282621,1.000092583118961,1.0000513597860339
5484d361fdf99b0379939d5b,absolute,90,1,-0.5307952314773416,1.0000925851750258,1.0000514027729381
5484d361fdf99b0379939d5b,absolute,91,1,-0.26448887248977826,1.000091522437935,1.000050201081977
5484d361fdf99b0379939d5b,absolute,92,1,-0.048826815010542646,1.0001002502172032,1.0000589288616062
5484d361fdf99b0379939d5b,absolute,93,1,-0.7373628314544334,1.0001002502172032,1.0000589288616062
5484d361fdf99b0379939d5b,absolute,94,1,-1.4632053913514085,1.0001268508895684,1.0000589022327346
5484d361fdf99b0379939d5b,absolute,95,2,0.13316347025653386,1.000136511140441,1.0000588925622431
5484d361fdf99b0379939d5b,absolute,96,2,-0.4464517013439604,1.0001359603219273,1.0000583417864772
5484d361fdf99b0379939d5b,absolute,97,2,-0.9756851939882125,1.0001359603219273,1.0000583417864772
5484d361fdf99b0379939d5b,absolute,98,2,-0.9269162236964377,1.0001374821069322,1.0000599686176177
5484d361fdf99b0379939d5b,absolute,99,2,-0.2116562192144542,1.0001374821069322,1.0000599686176177
5484d361fdf99b0379939d5b,absolute,100,2,0.4782381665328401,1.0001372137862063,1.000059650176327
5484d361fdf99b0379939d5b,absolute,101,2,0.5738899132942024,1.0001372137862063,1.000059650176327
5484d361fdf99b0379939d5b,absolute,102,2,-0.5057796630572255,1.000139108978004,1.0000618407403763
5484d361fdf99b0379939d5b,absolute,103,2,0.44765494535737105,1.0001402334811602,1.0000629430026422
5484d361fdf99b0379939d5b,absolute,104,2,0.44794025823807715,1.000143509853647,1.0000636532906308
5484d361fdf99b0379939d5b,absolute,105,2,-0.4888386216365035,1.000143509853647,1.0000636532906308
5484d361fdf99b0379939d5b,absolute,106,2,-0.94291996427404,1.000143509853647,1.0000636532906308
5484d361fdf99b0379939d5b,absolute,107,2,-1.8095218196153837,1.000113318203245,1.0000653580101273
5484d361fdf99b0379939d5b,absolute,108,2,-1.0556846530862032,1.0001133179954784,1.0000653578023708
5484d361fdf99b0379939d5b,absolute,109,2,0.35489248921804517,1.0001133179954784,1.0000653578023708
5484d361fdf99b0379939d5b,absolute,110,2,0.5394673950226689,1.000113312340461,1.000071006859737
5484d361fdf99b0379939d5b,absolute,111,2,-0.4616155136016715,1.000113312340461,1.000071006859737
5484d361fdf99b0379939d5b,absolute,112,2,-0.0025785610533404224,1.000113312340461,1.000071006859737
5484d361fdf99b0379939d5b,absolute,113,2,0.34050692298369256,1.0001165446115847,1.0000740346571528
5484d361fdf99b0379939d5b,absolute,114,2,0.11210393222408754,1.0001165446115847,1.0000740346571528
5484d361fdf99b0379939d5b,absolute,115,2,-2.189034610106475,1.0001207208054375,1.0000780475859556
5484d361fdf99b0379939d5b,absolute,116,2,-0.9290891030527177,1.0001207634035678,1.0000780901840878
5484d361fdf99b0379939d5b,absolute,117,2,0.08091292778222225,1.000119891340998,1.0000805838523088
5484d361fdf99b0379939d5b,absolute,118,2,-1.5604408894780306,1.0001346550834727,1.0000778595323854
5484d361fdf99b0379939d5b,absolute,119,2,-0.028477357183462004,1.0001340790572404,1.0000772835388645
5484d361fdf99b0379939d5b,absolute,120,2,0.5743246928971217,1.0001363283909155,1.0000798493976124
5484d361fdf99b0379939d5b,absolute,121,2,0.1829298525822054,1.0001363283909155,1.0000798493976124
5484d361fdf99b0379939d5b,absolute,122,2,-0.5293269951687734,1.0001362361076371,1.0000797571195454
5484d361fdf99b0379939d5b,absolute,123,2,-2.118145412543612,1.0001362361076371,1.0000797571195454
5484d361fdf99b0379939d5b,absolute,124,2,-0.38278437898934214,1.000136570379586,1.0000801112150168
5484d361fdf99b0379939d5b,absolute,125,2,-1.0540480599228204,1.0001365685123047,1.000080109347841
5484d361fdf99b0379939d5b,absolute,126,2,0.07811626411013606,1.0001374968108692,1.000080992564167
5484d361fdf99b0379939d5b,absolute,127,2,-0.9772513919815253,1.0001407984276365,1.000085851363019
5484d361fdf99b0379939d5b,absolute,128,2,1.0405755954034817,1.000151911081613,1.0000858221563713
5484d361fdf99b0379939d5b,absolute,129,2,-0.5462040785437949,1.0001528929519297,1.0000872222701345
5484d361fdf99b0379939d5b,absolute,130,2,-0.7817289046816001,1.0001528927712546,1.0000874027369142
5484d361fdf99b0379939d5b,absolute,131,2,-0.7011698220308205,1.0001545465655226,1.0000874010813194
5484d361fdf99b0379939d5b,absolute,132,2,0.12901925749731902,1.0001544281889407,1.0000872827126848
5484d361fdf99b0379939d5b,absolute,133,2,-1.6762220677910875,1.0001544281889407,1.0000872827126848
5484d361fdf99b0379939d5b,absolute,134,2,0.6177095635774776,1.0001544127610253,1.0001026928189845
5484d361fdf99b0379939d5b,absolute,135,2,0.2521188570986084,1.0001552114872398,1.0001034942492553
5484d361fdf99b0379939d5b,absolute,136,2,-0.4786554594761867,1.0001561478703818,1.0001044265849428
5484d361fdf99b0379939d5b,absolute,137,2,0.44788134093073495,1.0001585343852928,1.0001069566106922
5484d361fdf99b0379939d5b,absolute,138,2,-0.4466250636680229,1.0001585324157112,1.0001089239022936
5484d361fdf99b0379939d5b,absolute,139,2,-0.8023338233191453,1.000158532230607,1.0001089237171985
5484d361fdf99b0379939d5b,absolute,140,2,-0.9040780824310701,1.0001585076637518,1.0001088991515619
5484d361fdf99b0379939d5b,absolute,141,2,-1.4018042438493836,1.0001585062828058,1.0001102784978357
5484d361fdf99b0379939d5b,absolute,142,2,0.2907700371801809,1.0001585334642635,1.0001102784706242
5484d361fdf99b0379939d5b,absolute,143,3,-0.7164306397221196,1.000158473984641,1.0001102189938713
5484d361fdf99b0379939d5b,absolute,144,3,-1.4768406135920316,1.0001535258819287,1.0001052711298921
5484d361fdf99b0379939d5b,absolute,145,3,-0.44617222484693286,1.0001535258819287,1.0001052711298921
5484d361fdf99b0379939d5b,absolute,146,3,-3.2181904176199936,1.0001578252942294,1.0001095705424004
5484d361fdf99b0379939d5b,absolute,147,3,0.6766743858303101,1.0001576269000547,1.0001102428047524
5484d361fdf99b0379939d5b,absolute,148,3,-1.1520400711195578,1.0001576201896665,1.0001291122652625
5484d361fdf99b0379939d5b,absolute,149,3,-0.6315804494253001,1.000160942128136,1.000132434203827
5484d361fdf99b0379939d5b,absolute,150,3,-0.15237480164073247,1.000160942128136,1.000132434203827
5484d361fdf99b0379939d5b,absolute,151,3,-0.9415913341848068,1.0001607026578245,1.0001321729801453
5484d361fdf99b0379939d5b,absolute,152,3,-1.0348673627208456,1.0001678946383106,1.000132165780013
5484d361fdf99b0379939d5b,absolute,153,3,-2.4252482563330346,1.000171046542637,1.0001353176844519
5484d361fdf99b0379939d5b,absolute,154,3,-1.695880026451519,1.0001709548850395,1.0001352260301286
5484d361fdf99b0379939d5b,absolute,155,3,-1.1632935264599382,1.0001720581892466,1.0001365854762585
5484d361fdf99b0379939d5b,absolute,156,3,-0.3786207640521013,1.0001745487938913,1.0001390760809916
5484d361fdf99b0379939d5b,absolute,157,3,0.2496654668062206,1.0001745378432845,1.000139065130773
5484d361fdf99b0379939d5b,absolute,158,3,1.9587639353946145,1.0001745378432845,1.000139065130773
5484d361fdf99b0379939d5b,absolute,159,3,0.4506759904589188,1.0001745378432845,1.000139065130773
5484d361fdf99b0379939d5b,absolute,160,3,-0.17331606425351254,1.0001749166499145,1.0001394483445838
5484d361fdf99b0379939d5b,absolute,161,3,-1.1911573605084271,1.0001749166499145,1.0001394483445838
5484d361fdf99b0379939d5b,absolute,162,3,-2.510444957153638,1.0001746022107596,1.0001410961192607
5484d361fdf99b0379939d5b,absolute,163,3,0.40151558933713716,1.0001746022107596,1.0001410961192607
5484d361fdf99b0379939d5b,absolute,164,3,-0.0691046203076553,1.0001964356287,1.000141528850635
5484d361fdf99b0379939d5b,absolute,165,3,-2.3356991657505546,1.000196252378336,1.0001413456103307
5484d361fdf99b0379939d5b,absolute,166,3,1.6179658354243003,1.000196252378336,1.0001413456103307
5484d361fdf99b0379939d5b,absolute,167,3,0.3324413003852271,1.0002008574009364,1.0001459506177186
5484d361fdf99b0379939d5b,absolute,168,3,-1.3974887648146392,1.0002002460939323,1.0001453393491493
5484d361fdf99b0379939d5b,absolute,169,3,-2.6248451419148893,1.0002003035564617,1.000145396811682
5484d361fdf99b0379939d5b,absolute,170,3,0.2463118363276635,1.0002003035564617,1.000145396811682
5484d361fdf99b0379939d5b,absolute,171,3,0.7021557833591601,1.0002012610186102,1.0001463562603503
5484d361fdf99b0379939d5b,absolute,172,3,-0.9665676211736383,1.0001994896930462,1.000144585032021
5484d361fdf99b0379939d5b,absolute,173,3,-2.203724382357848,1.0002000463649758,1.0001454943955472
5484d361fdf99b0379939d5b,absolute,174,3,1.564743208318049,1.000199329723411,1.0001447777930688
5484d361fdf99b0379939d5b,absolute,175,3,-1.6221672173309685,1.0002127131696306,1.0001447643942836
5484d361fdf99b0379939d5b,absolute,176,3,-1.7773084171171263,1.0002284831925023,1.0001605344182278
5484d361fdf99b0379939d5b,absolute,177,3,-1.428519346526599,1.000227242187902,1.0001592694446317
5484d361fdf99b0379939d5b,absolute,178,3,2.3978771505753116,1.000227242187902,1.0001592694446317
5484d361fdf99b0379939d5b,absolute,179,3,-1.4989177375408218,1.000227242187902,1.0001592694446317
5484d361fdf99b0379939d5b,absolute,180,3,1.3693667699042464,1.000227242187902,1.0001592694446317
5484d361fdf99b0379939d5b,absolute,181,3,-1.5579131284713412,1.0002266160633297,1.0001586433626093
5484d361fdf99b0379939d5b,absolute,182,3,-1.4680666012967691,1.0002323721687285,1.0001585941529993
5484d361fdf99b0379939d5b,absolute,183,3,-0.9816633099874679,1.0002323651472627,1.0001656069668048
5484d361fdf99b0379939d5b,absolute,184,3,-1.3822604315249265,1.0002323651472627,1.0001656069668048
5484d361fdf99b0379939d5b,absolute,185,3,1.7941196759445006,1.0002310335912077,1.0001642117056986
5484d361fdf99b0379939d5b,absolute,186,3,-0.06185115714534106,1.0002310335912077,1.0001642117056986
5484d361fdf99b0379939d5b,absolute,187,3,-0.2873368746620315,1.0002304402109286,1.000163618365061
5484d361fdf99b0379939d5b,absolute,188,3,-0.18140119025696322,1.0002275358367585,1.000160714184922
5484d361fdf99b0379939d5b,absolute,189,3,1.6336907652604822,1.000234556551482,1.0001677349001152
5484d361fdf99b0379939d5b,absolute,190,3,2.0200319291790265,1.0002345543794444,1.0001677327282228
5484d361fdf99b0379939d5b,absolute,191,3,-0.43174439577587975,1.0002345543794444,1.0001677327282228
5484d361fdf99b0379939d5b,absolute,192,3,0.2946625089294912,1.0002345543794444,1.0001677327282228
5484d361fdf99b0379939d5b,absolute,193,3,1.1228184297777801,1.0002354642841567,1.0001681911933222
5484d361fdf99b0379939d5b,absolute,194,3,-0.42565701300740955,1.0002350982286,1.0001678251623853
5484d361fdf99b0379939d5b,absolute,195,3,-2.1010772522372747,1.0002350982286,1.0001678251623853
5484d361fdf99b0379939d5b,absolute,196,3,1.0481483789995991,1.0002350982286,1.0001678251623853
5484d361fdf99b0379939d5b,absolute,197,3,-1.338634214317807,1.0002381829643865,1.0001707942984057
5484d361fdf99b0379939d5b,absolute,198,3,0.9636494083809737,1.0002377759067567,1.000173194149814
5484d361fdf99b0379939d5b,absolute,199,3,-0.9971087903931419,1.0002377759067567,1.000173194149814
5484d361fdf99b0379939d5b,absolute,200,3,-0.4001812403549252,1.0002377640336075,1.00018505260332
5484d361fdf99b0379939d5b,absolute,201,3,-1.8915365342087398,1.0002445387239332,1.0001760504257675
5484d361fdf99b0379939d5b,absolute,202,3,-0.4313560476088725,1.0002445387239332,1.0001760504257675
5484d361fdf99b0379939d5b,absolute,203,3,-2.537474552104783,1.0002485218927626,1.0001800335948698
5484d361fdf99b0379939d5b,absolute,204,3,-1.3233801937140726,1.000258738031969,1.0001800288608373
5484d361fdf99b0379939d5b,absolute,205,3,-1.9973418981114008,1.0002620324623528,1.0001801189176422
5484d361fdf99b0379939d5b,absolute,206,3,-0.976759956543745,1.0002774623382578,1.0001801030824622
5484d361fdf99b0379939d5b,absolute,207,3,-2.4935440067328187,1.0002774623382578,1.0001801030824622
5484d361fdf99b0379939d5b,absolute,208,3,-0.6252260414017883,1.0002774623382578,1.0001801030824622
5484d361fdf99b0379939d5b,absolute,209,3,-1.6060235015128228,1.0002774622778552,1.0001801634079202
5484d361fdf99b0379939d5b,absolute,210,3,0.6160282668309662,1.0002774622778552,1.0001801634079202
5484d361fdf99b0379939d5b,absolute,211,3,-0.4880633339716951,1.0002774622778552,1.0001801634079202
5484d361fdf99b0379939d5b,absolute,212,3,-0.05455563699570121,1.0002774622778552,1.0001801634079202
5484d361fdf99b0379939d5b,absolute,213,3,0.3263682959988614,1.0002774622778552,1.0001801634079202
5484d361fdf99b0379939d5b,absolute,214,3,-1.5616668098878392,1.0002774622778552,1.0001801634079202
5484d361fdf99b0379939d5b,absolute,215,3,-2.1924678947061125,1.0002766313485392,1.0001856431558342
5484d361fdf99b0379939d5b,absolute,216,3,-1.0749659119199748,1.0002861395449731,1.0001951475447517
5484d361fdf99b0379939d5b,absolute,217,3,-0.6280122737403531,1.0002861395449731,1.0001951475447517
5484d361fdf99b0379939d5b,absolute,218,3,-0.010032561182896416,1.0002861395449731,1.0001951475447517
5484d361fdf99b0379939d5b,absolute,219,3,0.5216962685027511,1.0002861395449731,1.0001951475447517
5484d361fdf99b0379939d5b,absolute,220,3,-0.8205884184974366,1.0002854757401423,1.0001945568827224
5484d361fdf99b0379939d5b,absolute,221,3,1.2704128115482831,1.0002860025148037,1.0001950839317781
5484d361fdf99b0379939d5b,absolute,222,3,-1.2637823333481606,1.0002641421290228,1.0001757203622916
5484d361fdf99b0379939d5b,absolute,223,3,-1.7575114005992134,1.0002641421290228,1.0001757203622916
5484d361fdf99b0379939d5b,absolute,224,3,-0.9804778673511123,1.0002641421290228,1.0001757203622916
5484d361fdf99b0379939d5b,absolute,225,3,-0.660634542432831,1.0002641421290228,1.0001757203622916
5484d361fdf99b0379939d5b,absolute,226,3,0.5618607383787833,1.0002638785095201,1.0001754567660925
5484d361fdf99b0379939d5b,absolute,227,3,-0.4126209384701838,1.0002638785095201,1.0001754567660925
5484d361fdf99b0379939d5b,absolute,228,3,-1.4657333172538074,1.0002609756854417,1.0001722919039635
5484d361fdf99b0379939d5b,absolute,229,3,0.7091929696059651,1.0002609589028801,1.0001722792954078
5484d361fdf99b0379939d5b,absolute,230,3,-1.1353842614041412,1.000262850453343,1.0001732574586615
5484d361fdf99b0379939d5b,absolute,231,3,0.1953971167716304,1.0002628944172995,1.0001733014992007
5484d361fdf99b0379939d5b,absolute,232,3,-0.917411904238719,1.00026292066213,1.0001733275080815
5484d361fdf99b0379939d5b,absolute,233,3,-0.5205347137854517,1.00026292066213,1.0001733275080815
5484d361fdf99b0379939d5b,absolute,234,3,-3.014984207376159,1.0002638703515305,1.000174186911662
5484d361fdf99b0379939d5b,absolute,235,3,-0.513368974678059,1.0002638703515305,1.000174186911662
5484d361fdf99b0379939d5b,absolute,236,3,0.10985435648552766,1.0002648046528688,1.0001746569970642
5484d361fdf99b0379939d5b,absolute,237,3,-2.83973854865917,1.0002648046528688,1.0001746569970642
5484d361fdf99b0379939d5b,absolute,238,3,-1.0791958690150523,1.0002648046528688,1.0001746569970642
5484d361fdf99b0379939d5b,absolute,239,3,0.5636725361906088,1.0002669821480936,1.0001769801405087
5484d361fdf99b0379939d5b,absolute,240,3,-1.3099376942614924,1.0002665454866755,1.0001765435183805
5484d361fdf99b0379939d5b,absolute,241,3,1.976743475882074,1.0002665454866755,1.0001765435183805
5484d361fdf99b0379939d5b,absolute,242,3,-1.9212011732368524,1.0002674894210144,1.0001777021610143
5484d361fdf99b0379939d5b,absolute,243,3,-2.4201000823865115,1.0002708594404026,1.0001817657301388
5484d361fdf99b0379939d5b,absolute,244,3,-0.6062071690287496,1.0002716485700784,1.0001815088532573
5484d361fdf99b0379939d5b,absolute,245,3,-1.4246119407615936,1.0002716485700784,1.0001815088532573
5484d361fdf99b0379939d5b,absolute,246,3,1.18954072140437,1.0002707610117867,1.0002237044961784
5484d361fdf99b0379939d5b,absolute,247,3,0.9142857922756775,1.0002705239950105,1.0002234775359906
5484d361fdf99b0379939d5b,absolute,248,3,0.5783533644785734,1.0002706624653583,1.0002234658059723
5484d361fdf99b0379939d5b,absolute,249,3,-0.482075767317383,1.000270245816555,1.0002276670264287
5484d361fdf99b0379939d5b,absolute,250,3,-1.1693422547754153,1.000270245816555,1.0002276670264287
5484d361fdf99b0379939d5b,absolute,251,3,1.902766954837233,1.000270245816555,1.0002276670264287
5484d361fdf99b0379939d5b,absolute,252,3,-2.7801565485032143,1.0002711897602095,1.0002286109701233
5484d361fdf99b0379939d5b,absolute,253,3,-3.7854826145795073,1.0002711897602095,1.0002286109701233
5484d361fdf99b0379939d5b,absolute,254,3,0.2826201524684677,1.0002755666939172,1.000234056606776
5484d361fdf99b0379939d5b,absolute,255,3,1.2648144992960226,1.0002765552074653,1.0002351330155195
5484d361fdf99b0379939d5b,absolute,256,3,-2.609726751144052,1.0002765552074653,1.0002351330155195
5484d361fdf99b0379939d5b,absolute,257,3,-1.225418745586154,1.0002765552074653,1.0002351330155195
5484d361fdf99b0379939d5b,absolute,258,3,-1.2004903148416304,1.0002765552074653,1.0002351330155195
5484d361fdf99b0379939d5b,absolute,259,3,0.5255553248132117,1.0002765429995266,1.0002351208080864
5484d361fdf99b0379939d5b,absolute,260,3,0.2854021879744266,1.0002765228622121,1.000255232418758
5484d361fdf99b0379939d5b,absolute,261,3,0.4179276474682183,1.0002765783700893,1.0002556434089702
5484d361fdf99b0379939d5b,absolute,262,3,-1.269070144604683,1.0002765761844998,1.0002556412234265
5484d361fdf99b0379939d5b,absolute,263,3,1.4731757650587554,1.0002765761844998,1.0002556412234265
5484d361fdf99b0379939d5b,absolute,264,3,-1.1357167108957924,1.0002765759761005,1.0002556410150314
5484d361fdf99b0379939d5b,absolute,265,3,-1.6229703384127845,1.0002765689395283,1.0002626686052598
5484d361fdf99b0379939d5b,absolute,266,3,-0.10403536188272255,1.000276437126349,1.0002625367939122
5484d361fdf99b0379939d5b,absolute,267,3,-3.550892283767098,1.0002764351320281,1.0002635774877522
5484d361fdf99b0379939d5b,absolute,268,3,2.578476384095154,1.0002764351320281,1.0002635774877522
5484d361fdf99b0379939d5b,absolute,269,3,-2.825858675232638,1.0002764351320281,1.0002635774877522
5484d361fdf99b0379939d5b,absolute,270,3,2.2593770719749386,1.0002742666315685,1.0002614090151667
5484d361fdf99b0379939d5b,absolute,271,3,-1.7041237871342219,1.0002788282475303,1.0002618197443236
5484d361fdf99b0379939d5b,absolute,272,3,-0.5055178146330093,1.0002788282475303,1.0002618197443236
5484d361fdf99b0379939d5b,absolute,273,3,-1.40258751847324,1.0002788282475303,1.0002618197443236
5484d361fdf99b0379939d5b,absolute,274,3,0.9766576353600271,1.0002779329169904,1.0002614122695404
5484d361fdf99b0379939d5b,absolute,275,3,-0.2608977778286885,1.0002731593159464,1.0002588028951411
5484d361fdf99b0379939d5b,absolute,276,3,0.7393942617301832,1.0002731593159464,1.0002588028951411
5484d361fdf99b0379939d5b,absolute,277,3,-1.2182027201089625,1.0002731593159464,1.0002588028951411
5484d361fdf99b0379939d5b,absolute,278,3,-0.5265350898359316,1.0002731593159464,1.0002588028951411
5484d361fdf99b0379939d5b,absolute,279,3,0.15609797383754653,1.0002731593159464,1.0002588028951411
5484d361fdf99b0379939d5b,absolute,280,3,-1.2455488746654453,1.0002731593159464,1.0002588028951411
5484d361fdf99b0379939d5b,absolute,281,3,-2.6454835048629093,1.000271101406712,1.0002627263826087
5484d361fdf99b0379939d5b,absolute,282,3,0.28900967018603296,1.0002710111223163,1.0002626358074462
5484d361fdf99b0379939d5b,absolute,283,3,3.1562019687403904,1.000270756290851,1.0002623809781146
5484d361fdf99b0379939d5b,absolute,284,3,-1.2550506296979904,1.0002745823070405,1.000267889129882
5484d361fdf99b0379939d5b,absolute,285,3,-1.7861176233298863,1.000277925845024,1.0002711060396667
5484d361fdf99b0379939d5b,absolute,286,3,-0.2554422014335387,1.0002881686188911,1.0002735080266443
